-- INSERCIONES TIPOS DE IDENTIFICACIÓN
INSERT IGNORE INTO `identification_type` (`id_identification_type`, `name`, `code`, `abbreviation`) VALUES (1, 'Registro Civil', '11', 'RE');
INSERT IGNORE INTO `identification_type` (`id_identification_type`, `name`, `code`, `abbreviation`) VALUES (2, 'Tarjeta de Identidad', '12', 'TI');
INSERT IGNORE INTO `identification_type` (`id_identification_type`, `name`, `code`, `abbreviation`) VALUES (3, 'Cédula de Ciudadanía', '13', 'CC');
INSERT IGNORE INTO `identification_type` (`id_identification_type`, `name`, `code`, `abbreviation`) VALUES (4, 'Tarjeta de Extranjería', '21', 'TE');
INSERT IGNORE INTO `identification_type` (`id_identification_type`, `name`, `code`, `abbreviation`) VALUES (5, 'Cédula de Extranjería', '22', 'CE');
INSERT IGNORE INTO `identification_type` (`id_identification_type`, `name`, `code`, `abbreviation`) VALUES (6, 'Nit', '31', 'NIR');
INSERT IGNORE INTO `identification_type` (`id_identification_type`, `name`, `code`, `abbreviation`) VALUES (7, 'Pasaporte', '41', 'PPT');
INSERT IGNORE INTO `identification_type` (`id_identification_type`, `name`, `code`, `abbreviation`) VALUES (8, 'Documento de Identificación Extranjero', '42', 'DIE');
INSERT IGNORE INTO `identification_type` (`id_identification_type`, `name`, `code`, `abbreviation`) VALUES (9, 'Nit de Otro Pais', '50', 'NIT-OP');
INSERT IGNORE INTO `identification_type` (`id_identification_type`, `name`, `code`, `abbreviation`) VALUES (10, 'Nuip', '91', 'Nuip');
INSERT IGNORE INTO `identification_type` (`id_identification_type`, `name`, `code`, `abbreviation`) VALUES (11, 'Permiso Especial de Permanencia', '47', 'PEP');
INSERT IGNORE INTO `identification_type` (`id_identification_type`, `name`, `code`, `abbreviation`) VALUES (12, 'Permiso Protección Temporal', '48', 'PPT');

-- INSERCIONES TIPOS REGIMEN
INSERT IGNORE INTO `type_regime` (`id_type_regime`, `name`, `code`) VALUES (1, 'Responsable de IVA', '48');
INSERT IGNORE INTO `type_regime` (`id_type_regime`, `name`, `code`) VALUES (2, 'No Responsable de IVA', '49');

-- INSERCIONES TIPOS DE ORGANIZACIÓN
INSERT IGNORE INTO `type_organization` (`id_type_organization`, `name`, `code`) VALUES (1, 'Persona Jurídica y Asimiladas', '1');
INSERT IGNORE INTO `type_organization` (`id_type_organization`, `name`, `code`) VALUES (2, 'Persona Natural y Asimiladas', '2');

-- INSERCIONES TIPOS DE RESPONSABILIDAD
INSERT IGNORE INTO `type_responsibility` (`id_type_responsibility`, `name`, `code`, `api_responsibility_id`) VALUES (1, 'Gran Contribuyente', 'O-13', 7);
INSERT IGNORE INTO `type_responsibility` (`id_type_responsibility`, `name`, `code`, `api_responsibility_id`) VALUES (2, 'Autorretenedor', 'O-15', 9);
INSERT IGNORE INTO `type_responsibility` (`id_type_responsibility`, `name`, `code`, `api_responsibility_id`) VALUES (3, 'Agente de Retención en el Impuesto sobre las Ventas', 'O-23', 14);
INSERT IGNORE INTO `type_responsibility` (`id_type_responsibility`, `name`, `code`, `api_responsibility_id`) VALUES (4, 'Régimen Simple de Tributación – SIMPLE', 'O-47', 112);
INSERT IGNORE INTO `type_responsibility` (`id_type_responsibility`, `name`, `code`, `api_responsibility_id`) VALUES (5, 'No responsable', 'R-99-PN', 117);

-- INSERCIONES DE IMPUESTO
INSERT IGNORE INTO `tax` (`id_tax`, `name`, `code`, `api_tax_id`) VALUES (1, 'Iva', '01', 1);
INSERT IGNORE INTO `tax` (`id_tax`, `name`, `code`, `api_tax_id`) VALUES (2, 'Inc', '04', 4);
INSERT IGNORE INTO `tax` (`id_tax`, `name`, `code`, `api_tax_id`) VALUES (3, 'ReteIVA', '05', 5);
INSERT IGNORE INTO `tax` (`id_tax`, `name`, `code`, `api_tax_id`) VALUES (4, 'ReteFuente', '06', 6);
INSERT IGNORE INTO `tax` (`id_tax`, `name`, `code`, `api_tax_id`) VALUES (5, 'ReteICA', '07', 7);
INSERT IGNORE INTO `tax` (`id_tax`, `name`, `code`, `api_tax_id`) VALUES (6, 'Iva e Inc', 'ZA', 18);
INSERT IGNORE INTO `tax` (`id_tax`, `name`, `code`, `api_tax_id`) VALUES (7, 'No aplica', 'ZZ', 15);

-- INSERCIONES TIPOS DE IMPUESTO
INSERT IGNORE INTO `type_tax` (`id_type_tax`, `name`, `rate`, `tax_id`) VALUES (1, '0%', 0.00, 1);
INSERT IGNORE INTO `type_tax` (`id_type_tax`, `name`, `rate`, `tax_id`) VALUES (2, '5%', 5.00, 1);
INSERT IGNORE INTO `type_tax` (`id_type_tax`, `name`, `rate`, `tax_id`) VALUES (3, '16%', 16.00, 1);
INSERT IGNORE INTO `type_tax` (`id_type_tax`, `name`, `rate`, `tax_id`) VALUES (4, '19%', 19.00, 1);

INSERT IGNORE INTO `type_tax` (`id_type_tax`, `name`, `rate`, `tax_id`) VALUES (5, '2%', 2.00, 2);
INSERT IGNORE INTO `type_tax` (`id_type_tax`, `name`, `rate`, `tax_id`) VALUES (6, '4%', 4.00, 2);
INSERT IGNORE INTO `type_tax` (`id_type_tax`, `name`, `rate`, `tax_id`) VALUES (7, '8%', 8.00, 2);
INSERT IGNORE INTO `type_tax` (`id_type_tax`, `name`, `rate`, `tax_id`) VALUES (8, '16%', 16.00, 2);

INSERT IGNORE INTO `type_tax` (`id_type_tax`, `name`, `rate`, `tax_id`) VALUES (9, '15%', 15.00, 3);
INSERT IGNORE INTO `type_tax` (`id_type_tax`, `name`, `rate`, `tax_id`) VALUES (10, '100%', 100.00, 3);

INSERT IGNORE INTO `type_tax` (`id_type_tax`, `name`, `rate`, `tax_id`) VALUES (11, '0.10%', 0.10, 4);
INSERT IGNORE INTO `type_tax` (`id_type_tax`, `name`, `rate`, `tax_id`) VALUES (12, '0.50%', 0.50, 4);
INSERT IGNORE INTO `type_tax` (`id_type_tax`, `name`, `rate`, `tax_id`) VALUES (13, '1%', 1.00, 4);
INSERT IGNORE INTO `type_tax` (`id_type_tax`, `name`, `rate`, `tax_id`) VALUES (14, '1.5%', 1.50, 4);
INSERT IGNORE INTO `type_tax` (`id_type_tax`, `name`, `rate`, `tax_id`) VALUES (15, '2%', 2.00, 4);
INSERT IGNORE INTO `type_tax` (`id_type_tax`, `name`, `rate`, `tax_id`) VALUES (16, '2.5%', 2.50, 4);
INSERT IGNORE INTO `type_tax` (`id_type_tax`, `name`, `rate`, `tax_id`) VALUES (17, '3.5%', 3.50, 4);
INSERT IGNORE INTO `type_tax` (`id_type_tax`, `name`, `rate`, `tax_id`) VALUES (18, '4%', 4.00, 4);
INSERT IGNORE INTO `type_tax` (`id_type_tax`, `name`, `rate`, `tax_id`) VALUES (19, '6%', 6.00, 4);
INSERT IGNORE INTO `type_tax` (`id_type_tax`, `name`, `rate`, `tax_id`) VALUES (20, '7%', 7.00, 4);
INSERT IGNORE INTO `type_tax` (`id_type_tax`, `name`, `rate`, `tax_id`) VALUES (21, '10%', 10.00, 4);
INSERT IGNORE INTO `type_tax` (`id_type_tax`, `name`, `rate`, `tax_id`) VALUES (22, '11%', 11.00, 4);
INSERT IGNORE INTO `type_tax` (`id_type_tax`, `name`, `rate`, `tax_id`) VALUES (23, '20%', 20.00, 4);

INSERT IGNORE INTO `type_tax` (`id_type_tax`, `name`, `rate`, `tax_id`) VALUES (24, '4.14%', 4.14, 5);
INSERT IGNORE INTO `type_tax` (`id_type_tax`, `name`, `rate`, `tax_id`) VALUES (25, '6.99%', 6.99, 5);
INSERT IGNORE INTO `type_tax` (`id_type_tax`, `name`, `rate`, `tax_id`) VALUES (26, '7%', 7.00, 5);
INSERT IGNORE INTO `type_tax` (`id_type_tax`, `name`, `rate`, `tax_id`) VALUES (27, '8%', 8.00, 5);
INSERT IGNORE INTO `type_tax` (`id_type_tax`, `name`, `rate`, `tax_id`) VALUES (28, '9.66%', 9.66, 5);
INSERT IGNORE INTO `type_tax` (`id_type_tax`, `name`, `rate`, `tax_id`) VALUES (29, '11.04%', 11.04, 5);
INSERT IGNORE INTO `type_tax` (`id_type_tax`, `name`, `rate`, `tax_id`) VALUES (30, '13.8%', 13.80, 5);

-- INSERCIONES TIPOS DE UNIDAD
INSERT IGNORE INTO `type_unit` (`id_type_unit`, `name`, `abbreviation`, `base_name`, `base_value`, `api_unit_id`) VALUES (1, 'Unidad', 'Niu', 'Unidad', 1.0000, 70);
INSERT IGNORE INTO `type_unit` (`id_type_unit`, `name`, `abbreviation`, `base_name`, `base_value`, `api_unit_id`) VALUES (2, 'Kilogramo', 'Kg', 'Gramo', 1000.0000, 767);
INSERT IGNORE INTO `type_unit` (`id_type_unit`, `name`, `abbreviation`, `base_name`, `base_value`, `api_unit_id`) VALUES (3, 'Litro', 'L', 'Mililitro', 1000.0000, 821);
INSERT IGNORE INTO `type_unit` (`id_type_unit`, `name`, `abbreviation`, `base_name`, `base_value`, `api_unit_id`) VALUES (4, 'Metro', 'M', 'Centimetro', 100.0000, 865);

-- INSERCIONES CONDICIÓN DE PRECIOS
INSERT IGNORE INTO `price_condition` (`id_price_condition`, `description`) VALUES (1, 'Sin Condición');
INSERT IGNORE INTO `price_condition` (`id_price_condition`, `description`) VALUES (2, 'Cliente VIP');

-- INSERCIONES TIPOS PRECIO
INSERT IGNORE INTO `price_type` (`id_price_type`, `name`) VALUES (1, 'Venta');
INSERT IGNORE INTO `price_type` (`id_price_type`, `name`) VALUES (2, 'Compra');
INSERT IGNORE INTO `price_type` (`id_price_type`, `name`) VALUES (3, 'Promoción');

-- INSERCIONES TIPOS DE CÓDIGO DE BARRA
INSERT IGNORE INTO `barcode_type` (`id_barcode_type`, `name`) VALUES (1, 'Code 128');
INSERT IGNORE INTO `barcode_type` (`id_barcode_type`, `name`) VALUES (2, 'Ean-13');

-- INSERCIONES TIPOS DE DOCUMENTO ELECTRÓNICO
INSERT IGNORE INTO `type_electronic_document` (`id_type_electronic_document`, `name`, `code`, `api_electronic_document_id`) VALUES (1, 'Factura Electrónica', '01', 1);
INSERT IGNORE INTO `type_electronic_document` (`id_type_electronic_document`, `name`, `code`, `api_electronic_document_id`) VALUES (2, 'Nota Crédito', '91', 4);
INSERT IGNORE INTO `type_electronic_document` (`id_type_electronic_document`, `name`, `code`, `api_electronic_document_id`) VALUES (3, 'Nomina Individual', '1', 9);
INSERT IGNORE INTO `type_electronic_document` (`id_type_electronic_document`, `name`, `code`, `api_electronic_document_id`) VALUES (4, 'Nomina Individual de Ajuste', '2', 10);
INSERT IGNORE INTO `type_electronic_document` (`id_type_electronic_document`, `name`, `code`, `api_electronic_document_id`) VALUES (5, 'Documento Soporte', '05', 11);
INSERT IGNORE INTO `type_electronic_document` (`id_type_electronic_document`, `name`, `code`, `api_electronic_document_id`) VALUES (6, 'Nota de Ajuste Documento Soporte', '95', 13);
INSERT IGNORE INTO `type_electronic_document` (`id_type_electronic_document`, `name`, `code`, `api_electronic_document_id`) VALUES (7, 'Pos Electrónico', '20', 15);
INSERT IGNORE INTO `type_electronic_document` (`id_type_electronic_document`, `name`, `code`, `api_electronic_document_id`) VALUES (8, 'Nota de Ajuste Pos Electrónico', '94', 26);

-- INSERCIONES FORMA DE PAGO
INSERT IGNORE INTO `payment_form` (`id_payment_form`, `name`, `code`) VALUES (1, 'Contado', '1');
INSERT IGNORE INTO `payment_form` (`id_payment_form`, `name`, `code`) VALUES (2, 'Crédito', '2');

-- INSERCIONES TIPOS DE PAGO
INSERT IGNORE INTO `type_payment` (`id_type_payment`, `name`, `api_payment_id`) VALUES (1, 'Efectivo', 10);
INSERT IGNORE INTO `type_payment` (`id_type_payment`, `name`, `api_payment_id`) VALUES (2, 'Tarjeta debito', 49);
INSERT IGNORE INTO `type_payment` (`id_type_payment`, `name`, `api_payment_id`) VALUES (3, 'Tarjeta credito', 48);
INSERT IGNORE INTO `type_payment` (`id_type_payment`, `name`, `api_payment_id`) VALUES (4, 'Bancolombia', 45);
INSERT IGNORE INTO `type_payment` (`id_type_payment`, `name`, `api_payment_id`) VALUES (5, 'Davivienda', 45);
INSERT IGNORE INTO `type_payment` (`id_type_payment`, `name`, `api_payment_id`) VALUES (6, 'Banco de bogota', 45);
INSERT IGNORE INTO `type_payment` (`id_type_payment`, `name`, `api_payment_id`) VALUES (7, 'Banco BBVA', 45);
INSERT IGNORE INTO `type_payment` (`id_type_payment`, `name`, `api_payment_id`) VALUES (8, 'Banco caja social', 45);
INSERT IGNORE INTO `type_payment` (`id_type_payment`, `name`, `api_payment_id`) VALUES (9, 'Otro banco', 45);
INSERT IGNORE INTO `type_payment` (`id_type_payment`, `name`, `api_payment_id`) VALUES (10, 'Nequi', 45);
INSERT IGNORE INTO `type_payment` (`id_type_payment`, `name`, `api_payment_id`) VALUES (11, 'Daviplata', 45);
INSERT IGNORE INTO `type_payment` (`id_type_payment`, `name`, `api_payment_id`) VALUES (12, 'Rappi', 45);
INSERT IGNORE INTO `type_payment` (`id_type_payment`, `name`, `api_payment_id`) VALUES (13, 'Addi', 45);
INSERT IGNORE INTO `type_payment` (`id_type_payment`, `name`, `api_payment_id`) VALUES (14, 'Didifood', 49);
INSERT IGNORE INTO `type_payment` (`id_type_payment`, `name`, `api_payment_id`) VALUES (15, 'Sistecredito', 48);

-- INSERCIONES ROLES
INSERT IGNORE INTO `role` (`id_role`, `name`) VALUES (1, 'Soporte');
INSERT IGNORE INTO `role` (`id_role`, `name`) VALUES (2, 'Gerente');
INSERT IGNORE INTO `role` (`id_role`, `name`) VALUES (3, 'Administrador');
INSERT IGNORE INTO `role` (`id_role`, `name`) VALUES (4, 'Auxiliar');
INSERT IGNORE INTO `role` (`id_role`, `name`) VALUES (5, 'Empleado');
INSERT IGNORE INTO `role` (`id_role`, `name`) VALUES (6, 'Domiciliario');
INSERT IGNORE INTO `role` (`id_role`, `name`) VALUES (7, 'Vendedor');
INSERT IGNORE INTO `role` (`id_role`, `name`) VALUES (8, 'Cajero');
INSERT IGNORE INTO `role` (`id_role`, `name`) VALUES (9, 'Mesero');

-- INSERCIONES PERMISOS
INSERT IGNORE INTO `permission` (`id_permission`, `name`, `parent_id`) VALUES (1, 'Principal', NULL);
INSERT IGNORE INTO `permission` (`id_permission`, `name`, `parent_id`) VALUES (2, 'Administración', NULL);
INSERT IGNORE INTO `permission` (`id_permission`, `name`, `parent_id`) VALUES (3, 'Utilidad', NULL);
INSERT IGNORE INTO `permission` (`id_permission`, `name`, `parent_id`) VALUES (4, 'Ventas', 1);
INSERT IGNORE INTO `permission` (`id_permission`, `name`, `parent_id`) VALUES (5, 'Editar Ventas', 1);
INSERT IGNORE INTO `permission` (`id_permission`, `name`, `parent_id`) VALUES (6, 'Caja', 1);
INSERT IGNORE INTO `permission` (`id_permission`, `name`, `parent_id`) VALUES (7, 'Documentos Electrónicos', 1);
INSERT IGNORE INTO `permission` (`id_permission`, `name`, `parent_id`) VALUES (8, 'Otro', NULL);
INSERT IGNORE INTO `permission` (`id_permission`, `name`, `parent_id`) VALUES (9, 'Clientes', 2);
INSERT IGNORE INTO `permission` (`id_permission`, `name`, `parent_id`) VALUES (10, 'Empleados', 2);
INSERT IGNORE INTO `permission` (`id_permission`, `name`, `parent_id`) VALUES (12, 'Inventario', 2);
INSERT IGNORE INTO `permission` (`id_permission`, `name`, `parent_id`) VALUES (13, 'Reporte Ventas', 2);
INSERT IGNORE INTO `permission` (`id_permission`, `name`, `parent_id`) VALUES (14, 'Mantenimiento', 2);
INSERT IGNORE INTO `permission` (`id_permission`, `name`, `parent_id`) VALUES (15, 'Herramientas', 3);
INSERT IGNORE INTO `permission` (`id_permission`, `name`, `parent_id`) VALUES (16, 'Configuración', 8);
INSERT IGNORE INTO `permission` (`id_permission`, `name`, `parent_id`) VALUES (17, 'Impresoras', 3);
INSERT IGNORE INTO `permission` (`id_permission`, `name`, `parent_id`) VALUES (18, 'Gestión Productos', 12);
INSERT IGNORE INTO `permission` (`id_permission`, `name`, `parent_id`) VALUES (19, 'Gestión Categorías', 12);
INSERT IGNORE INTO `permission` (`id_permission`, `name`, `parent_id`) VALUES (20, 'Gestión Proveedores', 12);
INSERT IGNORE INTO `permission` (`id_permission`, `name`, `parent_id`) VALUES (21, 'Reporte Inventario', 12);
INSERT IGNORE INTO `permission` (`id_permission`, `name`, `parent_id`) VALUES (22, 'Gestión Clientes', 9);
INSERT IGNORE INTO `permission` (`id_permission`, `name`, `parent_id`) VALUES (23, 'Gestión Empleados', 10);
INSERT IGNORE INTO `permission` (`id_permission`, `name`, `parent_id`) VALUES (24, 'Gestión Combos', 12);
INSERT IGNORE INTO `permission` (`id_permission`, `name`, `parent_id`) VALUES (25, 'Gestión Sucursales', 14);
INSERT IGNORE INTO `permission` (`id_permission`, `name`, `parent_id`) VALUES (26, 'Gestión Empresas', 14);
INSERT IGNORE INTO `permission` (`id_permission`, `name`, `parent_id`) VALUES (27, 'Gestión Roles', 14);
INSERT IGNORE INTO `permission` (`id_permission`, `name`, `parent_id`) VALUES (28, 'Gestión Pisos', 14);
INSERT IGNORE INTO `permission` (`id_permission`, `name`, `parent_id`) VALUES (29, 'Reporte Ventas Diarias', 13);
INSERT IGNORE INTO `permission` (`id_permission`, `name`, `parent_id`) VALUES (30, 'Reporte Comisión', 13);
INSERT IGNORE INTO `permission` (`id_permission`, `name`, `parent_id`) VALUES (31, 'Cerrar Sesión', 8);

-- INSERCIONES EMPRESA
INSERT IGNORE INTO `company` (`id_company`, `name`, `identification_type_id`) VALUES (1, 'InterPOS', 3);

-- INSERCIONES SUCURSAL
INSERT IGNORE INTO `branch` (`id_branch`, `name`, `company_id`) VALUES (1, 'Sucursal 1', 1);

-- INSERCIONES CONFIGURACIÓN DE LA SUCURSAL
INSERT IGNORE INTO `branch_configuration` (`branch_id`, `value_service_change`) VALUES(1, 0);

-- INSERCIONES PERMISOS DE LOS ROLES
INSERT IGNORE INTO `role_permission` (`role_id`, `permission_id`, `branch_id`) VALUES (1, 1, 1);
INSERT IGNORE INTO `role_permission` (`role_id`, `permission_id`, `branch_id`) VALUES (1, 2, 1);
INSERT IGNORE INTO `role_permission` (`role_id`, `permission_id`, `branch_id`) VALUES (1, 3, 1);
INSERT IGNORE INTO `role_permission` (`role_id`, `permission_id`, `branch_id`) VALUES (1, 4, 1);
INSERT IGNORE INTO `role_permission` (`role_id`, `permission_id`, `branch_id`) VALUES (1, 5, 1);
INSERT IGNORE INTO `role_permission` (`role_id`, `permission_id`, `branch_id`) VALUES (1, 6, 1);
INSERT IGNORE INTO `role_permission` (`role_id`, `permission_id`, `branch_id`) VALUES (1, 7, 1);
INSERT IGNORE INTO `role_permission` (`role_id`, `permission_id`, `branch_id`) VALUES (1, 8, 1);
INSERT IGNORE INTO `role_permission` (`role_id`, `permission_id`, `branch_id`) VALUES (1, 9, 1);
INSERT IGNORE INTO `role_permission` (`role_id`, `permission_id`, `branch_id`) VALUES (1, 10, 1);
INSERT IGNORE INTO `role_permission` (`role_id`, `permission_id`, `branch_id`) VALUES (1, 11, 1);
INSERT IGNORE INTO `role_permission` (`role_id`, `permission_id`, `branch_id`) VALUES (1, 12, 1);
INSERT IGNORE INTO `role_permission` (`role_id`, `permission_id`, `branch_id`) VALUES (1, 13, 1);
INSERT IGNORE INTO `role_permission` (`role_id`, `permission_id`, `branch_id`) VALUES (1, 14, 1);
INSERT IGNORE INTO `role_permission` (`role_id`, `permission_id`, `branch_id`) VALUES (1, 15, 1);
INSERT IGNORE INTO `role_permission` (`role_id`, `permission_id`, `branch_id`) VALUES (1, 16, 1);
INSERT IGNORE INTO `role_permission` (`role_id`, `permission_id`, `branch_id`) VALUES (1, 17, 1);
INSERT IGNORE INTO `role_permission` (`role_id`, `permission_id`, `branch_id`) VALUES (1, 18, 1);
INSERT IGNORE INTO `role_permission` (`role_id`, `permission_id`, `branch_id`) VALUES (1, 19, 1);
INSERT IGNORE INTO `role_permission` (`role_id`, `permission_id`, `branch_id`) VALUES (1, 20, 1);
INSERT IGNORE INTO `role_permission` (`role_id`, `permission_id`, `branch_id`) VALUES (1, 21, 1);
INSERT IGNORE INTO `role_permission` (`role_id`, `permission_id`, `branch_id`) VALUES (1, 22, 1);
INSERT IGNORE INTO `role_permission` (`role_id`, `permission_id`, `branch_id`) VALUES (1, 23, 1);
INSERT IGNORE INTO `role_permission` (`role_id`, `permission_id`, `branch_id`) VALUES (1, 24, 1);
INSERT IGNORE INTO `role_permission` (`role_id`, `permission_id`, `branch_id`) VALUES (1, 25, 1);
INSERT IGNORE INTO `role_permission` (`role_id`, `permission_id`, `branch_id`) VALUES (1, 26, 1);
INSERT IGNORE INTO `role_permission` (`role_id`, `permission_id`, `branch_id`) VALUES (1, 27, 1);
INSERT IGNORE INTO `role_permission` (`role_id`, `permission_id`, `branch_id`) VALUES (1, 28, 1);
INSERT IGNORE INTO `role_permission` (`role_id`, `permission_id`, `branch_id`) VALUES (1, 29, 1);
INSERT IGNORE INTO `role_permission` (`role_id`, `permission_id`, `branch_id`) VALUES (1, 30, 1);
INSERT IGNORE INTO `role_permission` (`role_id`, `permission_id`, `branch_id`) VALUES (1, 31, 1);

-- Administrador
INSERT IGNORE INTO `role_permission` (`role_id`, `permission_id`, `branch_id`) VALUES (2, 1, 1);
INSERT IGNORE INTO `role_permission` (`role_id`, `permission_id`, `branch_id`) VALUES (2, 2, 1);
INSERT IGNORE INTO `role_permission` (`role_id`, `permission_id`, `branch_id`) VALUES (2, 3, 1);
INSERT IGNORE INTO `role_permission` (`role_id`, `permission_id`, `branch_id`) VALUES (2, 4, 1);
INSERT IGNORE INTO `role_permission` (`role_id`, `permission_id`, `branch_id`) VALUES (2, 5, 1);
INSERT IGNORE INTO `role_permission` (`role_id`, `permission_id`, `branch_id`) VALUES (2, 6, 1);
INSERT IGNORE INTO `role_permission` (`role_id`, `permission_id`, `branch_id`) VALUES (2, 7, 1);
INSERT IGNORE INTO `role_permission` (`role_id`, `permission_id`, `branch_id`) VALUES (2, 8, 1);
INSERT IGNORE INTO `role_permission` (`role_id`, `permission_id`, `branch_id`) VALUES (2, 9, 1);
INSERT IGNORE INTO `role_permission` (`role_id`, `permission_id`, `branch_id`) VALUES (2, 10, 1);
INSERT IGNORE INTO `role_permission` (`role_id`, `permission_id`, `branch_id`) VALUES (2, 11, 1);
INSERT IGNORE INTO `role_permission` (`role_id`, `permission_id`, `branch_id`) VALUES (2, 12, 1);
INSERT IGNORE INTO `role_permission` (`role_id`, `permission_id`, `branch_id`) VALUES (2, 13, 1);
INSERT IGNORE INTO `role_permission` (`role_id`, `permission_id`, `branch_id`) VALUES (2, 14, 1);
INSERT IGNORE INTO `role_permission` (`role_id`, `permission_id`, `branch_id`) VALUES (2, 15, 1);
INSERT IGNORE INTO `role_permission` (`role_id`, `permission_id`, `branch_id`) VALUES (2, 16, 1);
INSERT IGNORE INTO `role_permission` (`role_id`, `permission_id`, `branch_id`) VALUES (2, 17, 1);
INSERT IGNORE INTO `role_permission` (`role_id`, `permission_id`, `branch_id`) VALUES (2, 18, 1);
INSERT IGNORE INTO `role_permission` (`role_id`, `permission_id`, `branch_id`) VALUES (2, 19, 1);
INSERT IGNORE INTO `role_permission` (`role_id`, `permission_id`, `branch_id`) VALUES (2, 20, 1);
INSERT IGNORE INTO `role_permission` (`role_id`, `permission_id`, `branch_id`) VALUES (2, 21, 1);
INSERT IGNORE INTO `role_permission` (`role_id`, `permission_id`, `branch_id`) VALUES (2, 22, 1);
INSERT IGNORE INTO `role_permission` (`role_id`, `permission_id`, `branch_id`) VALUES (2, 23, 1);
INSERT IGNORE INTO `role_permission` (`role_id`, `permission_id`, `branch_id`) VALUES (2, 24, 1);
INSERT IGNORE INTO `role_permission` (`role_id`, `permission_id`, `branch_id`) VALUES (2, 25, 1);
INSERT IGNORE INTO `role_permission` (`role_id`, `permission_id`, `branch_id`) VALUES (2, 26, 1);
INSERT IGNORE INTO `role_permission` (`role_id`, `permission_id`, `branch_id`) VALUES (2, 27, 1);
INSERT IGNORE INTO `role_permission` (`role_id`, `permission_id`, `branch_id`) VALUES (2, 28, 1);
INSERT IGNORE INTO `role_permission` (`role_id`, `permission_id`, `branch_id`) VALUES (2, 29, 1);
INSERT IGNORE INTO `role_permission` (`role_id`, `permission_id`, `branch_id`) VALUES (2, 30, 1);
INSERT IGNORE INTO `role_permission` (`role_id`, `permission_id`, `branch_id`) VALUES (2, 31, 1);

-- Auxiliar
INSERT IGNORE INTO `role_permission` (`role_id`, `permission_id`, `branch_id`) VALUES (3, 1, 1);
INSERT IGNORE INTO `role_permission` (`role_id`, `permission_id`, `branch_id`) VALUES (3, 4, 1);

-- Empleado
INSERT IGNORE INTO `role_permission` (`role_id`, `permission_id`, `branch_id`) VALUES (4, 1, 1);
INSERT IGNORE INTO `role_permission` (`role_id`, `permission_id`, `branch_id`) VALUES (4, 4, 1);

-- INSERCIONES PAIS
INSERT IGNORE INTO `country` (`id_country`, `name`, `code`) VALUES (1, 'Colombia', 'Col');

-- INSERCIONES DEPARTAMENTOS
INSERT IGNORE INTO `department` (`id_department`, `country_id`, `name`, `code`) VALUES (1, 1, 'Amazonas', '91');
INSERT IGNORE INTO `department` (`id_department`, `country_id`, `name`, `code`) VALUES (2, 1, 'Antioquia', '05');
INSERT IGNORE INTO `department` (`id_department`, `country_id`, `name`, `code`) VALUES (3, 1, 'Arauca', '81');
INSERT IGNORE INTO `department` (`id_department`, `country_id`, `name`, `code`) VALUES (4, 1, 'Atlántico', '08');
INSERT IGNORE INTO `department` (`id_department`, `country_id`, `name`, `code`) VALUES (5, 1, 'Bogotá', '11');
INSERT IGNORE INTO `department` (`id_department`, `country_id`, `name`, `code`) VALUES (6, 1, 'Bolívar', '13');
INSERT IGNORE INTO `department` (`id_department`, `country_id`, `name`, `code`) VALUES (7, 1, 'Boyacá', '15');
INSERT IGNORE INTO `department` (`id_department`, `country_id`, `name`, `code`) VALUES (8, 1, 'Caldas', '17');
INSERT IGNORE INTO `department` (`id_department`, `country_id`, `name`, `code`) VALUES (9, 1, 'Caquetá', '18');
INSERT IGNORE INTO `department` (`id_department`, `country_id`, `name`, `code`) VALUES (10, 1, 'Casanare', '85');
INSERT IGNORE INTO `department` (`id_department`, `country_id`, `name`, `code`) VALUES (11, 1, 'Cauca', '19');
INSERT IGNORE INTO `department` (`id_department`, `country_id`, `name`, `code`) VALUES (12, 1, 'Cesar', '20');
INSERT IGNORE INTO `department` (`id_department`, `country_id`, `name`, `code`) VALUES (13, 1, 'Chocó', '27');
INSERT IGNORE INTO `department` (`id_department`, `country_id`, `name`, `code`) VALUES (14, 1, 'Córdoba', '23');
INSERT IGNORE INTO `department` (`id_department`, `country_id`, `name`, `code`) VALUES (15, 1, 'Cundinamarca', '25');
INSERT IGNORE INTO `department` (`id_department`, `country_id`, `name`, `code`) VALUES (16, 1, 'Guainía', '94');
INSERT IGNORE INTO `department` (`id_department`, `country_id`, `name`, `code`) VALUES (17, 1, 'Guaviare', '95');
INSERT IGNORE INTO `department` (`id_department`, `country_id`, `name`, `code`) VALUES (18, 1, 'Huila', '41');
INSERT IGNORE INTO `department` (`id_department`, `country_id`, `name`, `code`) VALUES (19, 1, 'La Guajira', '44');
INSERT IGNORE INTO `department` (`id_department`, `country_id`, `name`, `code`) VALUES (20, 1, 'Magdalena', '47');
INSERT IGNORE INTO `department` (`id_department`, `country_id`, `name`, `code`) VALUES (21, 1, 'Meta', '50');
INSERT IGNORE INTO `department` (`id_department`, `country_id`, `name`, `code`) VALUES (22, 1, 'Nariño', '52');
INSERT IGNORE INTO `department` (`id_department`, `country_id`, `name`, `code`) VALUES (23, 1, 'Norte de Santander', '54');
INSERT IGNORE INTO `department` (`id_department`, `country_id`, `name`, `code`) VALUES (24, 1, 'Putumayo', '86');
INSERT IGNORE INTO `department` (`id_department`, `country_id`, `name`, `code`) VALUES (25, 1, 'Quindío', '63');
INSERT IGNORE INTO `department` (`id_department`, `country_id`, `name`, `code`) VALUES (26, 1, 'Risaralda', '66');
INSERT IGNORE INTO `department` (`id_department`, `country_id`, `name`, `code`) VALUES (27, 1, 'San Andrés y Providencia', '88');
INSERT IGNORE INTO `department` (`id_department`, `country_id`, `name`, `code`) VALUES (28, 1, 'Santander', '68');
INSERT IGNORE INTO `department` (`id_department`, `country_id`, `name`, `code`) VALUES (29, 1, 'Sucre', '70');
INSERT IGNORE INTO `department` (`id_department`, `country_id`, `name`, `code`) VALUES (30, 1, 'Tolima', '73');
INSERT IGNORE INTO `department` (`id_department`, `country_id`, `name`, `code`) VALUES (31, 1, 'Valle del Cauca', '76');
INSERT IGNORE INTO `department` (`id_department`, `country_id`, `name`, `code`) VALUES (32, 1, 'Vaupés', '97');
INSERT IGNORE INTO `department` (`id_department`, `country_id`, `name`, `code`) VALUES (33, 1, 'Vichada', '99');

-- INSERCIONES MUNICIPIOS
INSERT IGNORE INTO `municipality` (`id_municipality`,`department_id`,`name`,`code`) VALUES (1,2,'Medellín','05001');
INSERT IGNORE INTO `municipality` (`id_municipality`,`department_id`,`name`,`code`) VALUES (2,2,'Abejorral','05002');
INSERT IGNORE INTO `municipality` (`id_municipality`,`department_id`,`name`,`code`) VALUES (3,2,'Abriaquí','05004');
INSERT IGNORE INTO `municipality` (`id_municipality`,`department_id`,`name`,`code`) VALUES (4,2,'Alejandría','05021');
INSERT IGNORE INTO `municipality` (`id_municipality`,`department_id`,`name`,`code`) VALUES (5,2,'Amagá','05030');
INSERT IGNORE INTO `municipality` (`id_municipality`,`department_id`,`name`,`code`) VALUES (6,2,'Amalfi','05031');
INSERT IGNORE INTO `municipality` (`id_municipality`,`department_id`,`name`,`code`) VALUES (7,2,'Andes','05034');
INSERT IGNORE INTO `municipality` (`id_municipality`,`department_id`,`name`,`code`) VALUES (8,2,'Angelópolis','05036');
INSERT IGNORE INTO `municipality` (`id_municipality`,`department_id`,`name`,`code`) VALUES (9,2,'Angostura','05038');
INSERT IGNORE INTO `municipality` (`id_municipality`,`department_id`,`name`,`code`) VALUES (10,2,'Anorí','05040');
INSERT IGNORE INTO `municipality` (`id_municipality`,`department_id`,`name`,`code`) VALUES (11,2,'Santa Fé De Antioquia','05042');
INSERT IGNORE INTO `municipality` (`id_municipality`,`department_id`,`name`,`code`) VALUES (12,2,'Anzá','05044');
INSERT IGNORE INTO `municipality` (`id_municipality`,`department_id`,`name`,`code`) VALUES (13,2,'Apartadó','05045');
INSERT IGNORE INTO `municipality` (`id_municipality`,`department_id`,`name`,`code`) VALUES (14,2,'Arboletes','05051');
INSERT IGNORE INTO `municipality` (`id_municipality`,`department_id`,`name`,`code`) VALUES (15,2,'Argelia','05055');
INSERT IGNORE INTO `municipality` (`id_municipality`,`department_id`,`name`,`code`) VALUES (16,2,'Armenia','05059');
INSERT IGNORE INTO `municipality` (`id_municipality`,`department_id`,`name`,`code`) VALUES (17,2,'Barbosa','05079');
INSERT IGNORE INTO `municipality` (`id_municipality`,`department_id`,`name`,`code`) VALUES (18,2,'Belmira','05086');
INSERT IGNORE INTO `municipality` (`id_municipality`,`department_id`,`name`,`code`) VALUES (19,2,'Bello','05088');
INSERT IGNORE INTO `municipality` (`id_municipality`,`department_id`,`name`,`code`) VALUES (20,2,'Betania','05091');
INSERT IGNORE INTO `municipality` (`id_municipality`,`department_id`,`name`,`code`) VALUES (21,2,'Betulia','05093');
INSERT IGNORE INTO `municipality` (`id_municipality`,`department_id`,`name`,`code`) VALUES (22,2,'Ciudad Bolívar ','05101');
INSERT IGNORE INTO `municipality` (`id_municipality`,`department_id`,`name`,`code`) VALUES (23,2,'Briceño','05107');
INSERT IGNORE INTO `municipality` (`id_municipality`,`department_id`,`name`,`code`) VALUES (24,2,'Buriticá','05113');
INSERT IGNORE INTO `municipality` (`id_municipality`,`department_id`,`name`,`code`) VALUES (25,2,'Cáceres','05120');
INSERT IGNORE INTO `municipality` (`id_municipality`,`department_id`,`name`,`code`) VALUES (26,2,'Caicedo','05125');
INSERT IGNORE INTO `municipality` (`id_municipality`,`department_id`,`name`,`code`) VALUES (27,2,'Caldas','05129');
INSERT IGNORE INTO `municipality` (`id_municipality`,`department_id`,`name`,`code`) VALUES (28,2,'Campamento','05134');
INSERT IGNORE INTO `municipality` (`id_municipality`,`department_id`,`name`,`code`) VALUES (29,2,'Cañasgordas','05138');
INSERT IGNORE INTO `municipality` (`id_municipality`,`department_id`,`name`,`code`) VALUES (30,2,'Caracolí','05142');
INSERT IGNORE INTO `municipality` (`id_municipality`,`department_id`,`name`,`code`) VALUES (31,2,'Caramanta','05145');
INSERT IGNORE INTO `municipality` (`id_municipality`,`department_id`,`name`,`code`) VALUES (32,2,'Carepa','05147');
INSERT IGNORE INTO `municipality` (`id_municipality`,`department_id`,`name`,`code`) VALUES (33,2,'El Carmen De Viboral','05148');
INSERT IGNORE INTO `municipality` (`id_municipality`,`department_id`,`name`,`code`) VALUES (34,2,'Carolina','05150');
INSERT IGNORE INTO `municipality` (`id_municipality`,`department_id`,`name`,`code`) VALUES (35,2,'Caucasia','05154');
INSERT IGNORE INTO `municipality` (`id_municipality`,`department_id`,`name`,`code`) VALUES (36,2,'Chigorodó','05172');
INSERT IGNORE INTO `municipality` (`id_municipality`,`department_id`,`name`,`code`) VALUES (37,2,'Cisneros','05190');
INSERT IGNORE INTO `municipality` (`id_municipality`,`department_id`,`name`,`code`) VALUES (38,2,'Cocorná','05197');
INSERT IGNORE INTO `municipality` (`id_municipality`,`department_id`,`name`,`code`) VALUES (39,2,'Concepción','05206');
INSERT IGNORE INTO `municipality` (`id_municipality`,`department_id`,`name`,`code`) VALUES (40,2,'Concordia','05209');
INSERT IGNORE INTO `municipality` (`id_municipality`,`department_id`,`name`,`code`) VALUES (41,2,'Copacabana','05212');
INSERT IGNORE INTO `municipality` (`id_municipality`,`department_id`,`name`,`code`) VALUES (42,2,'Dabeiba','05234');
INSERT IGNORE INTO `municipality` (`id_municipality`,`department_id`,`name`,`code`) VALUES (43,2,'Donmatías','05237');
INSERT IGNORE INTO `municipality` (`id_municipality`,`department_id`,`name`,`code`) VALUES (44,2,'Ebéjico','05240');
INSERT IGNORE INTO `municipality` (`id_municipality`,`department_id`,`name`,`code`) VALUES (45,2,'El Bagre ','05250');
INSERT IGNORE INTO `municipality` (`id_municipality`,`department_id`,`name`,`code`) VALUES (46,2,'Entrerríos','05264');
INSERT IGNORE INTO `municipality` (`id_municipality`,`department_id`,`name`,`code`) VALUES (47,2,'Envigado','05266');
INSERT IGNORE INTO `municipality` (`id_municipality`,`department_id`,`name`,`code`) VALUES (48,2,'Fredonia','05282');
INSERT IGNORE INTO `municipality` (`id_municipality`,`department_id`,`name`,`code`) VALUES (49,2,'Frontino','05284');
INSERT IGNORE INTO `municipality` (`id_municipality`,`department_id`,`name`,`code`) VALUES (50,2,'Giraldo','05306');
INSERT IGNORE INTO `municipality` (`id_municipality`,`department_id`,`name`,`code`) VALUES (51,2,'Girardota','05308');
INSERT IGNORE INTO `municipality` (`id_municipality`,`department_id`,`name`,`code`) VALUES (52,2,'Gómez Plata ','05310');
INSERT IGNORE INTO `municipality` (`id_municipality`,`department_id`,`name`,`code`) VALUES (53,2,'Granada','05313');
INSERT IGNORE INTO `municipality` (`id_municipality`,`department_id`,`name`,`code`) VALUES (54,2,'Guadalupe','05315');
INSERT IGNORE INTO `municipality` (`id_municipality`,`department_id`,`name`,`code`) VALUES (55,2,'Guarne','05318');
INSERT IGNORE INTO `municipality` (`id_municipality`,`department_id`,`name`,`code`) VALUES (56,2,'Guatapé','05321');
INSERT IGNORE INTO `municipality` (`id_municipality`,`department_id`,`name`,`code`) VALUES (57,2,'Heliconia','05347');
INSERT IGNORE INTO `municipality` (`id_municipality`,`department_id`,`name`,`code`) VALUES (58,2,'Hispania','05353');
INSERT IGNORE INTO `municipality` (`id_municipality`,`department_id`,`name`,`code`) VALUES (59,2,'Itagüí','05360');
INSERT IGNORE INTO `municipality` (`id_municipality`,`department_id`,`name`,`code`) VALUES (60,2,'Ituango','05361');
INSERT IGNORE INTO `municipality` (`id_municipality`,`department_id`,`name`,`code`) VALUES (61,2,'Jardín','05364');
INSERT IGNORE INTO `municipality` (`id_municipality`,`department_id`,`name`,`code`) VALUES (62,2,'Jericó','05368');
INSERT IGNORE INTO `municipality` (`id_municipality`,`department_id`,`name`,`code`) VALUES (63,2,'La Ceja ','05376');
INSERT IGNORE INTO `municipality` (`id_municipality`,`department_id`,`name`,`code`) VALUES (64,2,'La Estrella ','05380');
INSERT IGNORE INTO `municipality` (`id_municipality`,`department_id`,`name`,`code`) VALUES (65,2,'La Pintada ','05390');
INSERT IGNORE INTO `municipality` (`id_municipality`,`department_id`,`name`,`code`) VALUES (66,2,'La Unión ','05400');
INSERT IGNORE INTO `municipality` (`id_municipality`,`department_id`,`name`,`code`) VALUES (67,2,'Liborina','05411');
INSERT IGNORE INTO `municipality` (`id_municipality`,`department_id`,`name`,`code`) VALUES (68,2,'Maceo','05425');
INSERT IGNORE INTO `municipality` (`id_municipality`,`department_id`,`name`,`code`) VALUES (69,2,'Marinilla','05440');
INSERT IGNORE INTO `municipality` (`id_municipality`,`department_id`,`name`,`code`) VALUES (70,2,'Montebello','05467');
INSERT IGNORE INTO `municipality` (`id_municipality`,`department_id`,`name`,`code`) VALUES (71,2,'Murindó','05475');
INSERT IGNORE INTO `municipality` (`id_municipality`,`department_id`,`name`,`code`) VALUES (72,2,'Mutatá','05480');
INSERT IGNORE INTO `municipality` (`id_municipality`,`department_id`,`name`,`code`) VALUES (73,2,'Nariño','05483');
INSERT IGNORE INTO `municipality` (`id_municipality`,`department_id`,`name`,`code`) VALUES (74,2,'Necoclí','05490');
INSERT IGNORE INTO `municipality` (`id_municipality`,`department_id`,`name`,`code`) VALUES (75,2,'Nechí','05495');
INSERT IGNORE INTO `municipality` (`id_municipality`,`department_id`,`name`,`code`) VALUES (76,2,'Olaya','05501');
INSERT IGNORE INTO `municipality` (`id_municipality`,`department_id`,`name`,`code`) VALUES (77,2,'Peñol','05541');
INSERT IGNORE INTO `municipality` (`id_municipality`,`department_id`,`name`,`code`) VALUES (78,2,'Peque','05543');
INSERT IGNORE INTO `municipality` (`id_municipality`,`department_id`,`name`,`code`) VALUES (79,2,'Pueblorrico','05576');
INSERT IGNORE INTO `municipality` (`id_municipality`,`department_id`,`name`,`code`) VALUES (80,2,'Puerto Berrío ','05579');
INSERT IGNORE INTO `municipality` (`id_municipality`,`department_id`,`name`,`code`) VALUES (81,2,'Puerto Nare ','05585');
INSERT IGNORE INTO `municipality` (`id_municipality`,`department_id`,`name`,`code`) VALUES (82,2,'Puerto Triunfo ','05591');
INSERT IGNORE INTO `municipality` (`id_municipality`,`department_id`,`name`,`code`) VALUES (83,2,'Remedios','05604');
INSERT IGNORE INTO `municipality` (`id_municipality`,`department_id`,`name`,`code`) VALUES (84,2,'Retiro','05607');
INSERT IGNORE INTO `municipality` (`id_municipality`,`department_id`,`name`,`code`) VALUES (85,2,'Rionegro','05615');
INSERT IGNORE INTO `municipality` (`id_municipality`,`department_id`,`name`,`code`) VALUES (86,2,'Sabanalarga','05628');
INSERT IGNORE INTO `municipality` (`id_municipality`,`department_id`,`name`,`code`) VALUES (87,2,'Sabaneta','05631');
INSERT IGNORE INTO `municipality` (`id_municipality`,`department_id`,`name`,`code`) VALUES (88,2,'Salgar','05642');
INSERT IGNORE INTO `municipality` (`id_municipality`,`department_id`,`name`,`code`) VALUES (89,2,'San Andrés De Cuerquía','05647');
INSERT IGNORE INTO `municipality` (`id_municipality`,`department_id`,`name`,`code`) VALUES (90,2,'San Carlos ','05649');
INSERT IGNORE INTO `municipality` (`id_municipality`,`department_id`,`name`,`code`) VALUES (91,2,'San Francisco ','05652');
INSERT IGNORE INTO `municipality` (`id_municipality`,`department_id`,`name`,`code`) VALUES (92,2,'San Jerónimo ','05656');
INSERT IGNORE INTO `municipality` (`id_municipality`,`department_id`,`name`,`code`) VALUES (93,2,'San José De La Montaña ','05658');
INSERT IGNORE INTO `municipality` (`id_municipality`,`department_id`,`name`,`code`) VALUES (94,2,'San Juan De Urabá','05659');
INSERT IGNORE INTO `municipality` (`id_municipality`,`department_id`,`name`,`code`) VALUES (95,2,'San Luis ','05660');
INSERT IGNORE INTO `municipality` (`id_municipality`,`department_id`,`name`,`code`) VALUES (96,2,'San Pedro De Los Milagros ','05664');
INSERT IGNORE INTO `municipality` (`id_municipality`,`department_id`,`name`,`code`) VALUES (97,2,'San Pedro De Urabá','05665');
INSERT IGNORE INTO `municipality` (`id_municipality`,`department_id`,`name`,`code`) VALUES (98,2,'San Rafael ','05667');
INSERT IGNORE INTO `municipality` (`id_municipality`,`department_id`,`name`,`code`) VALUES (99,2,'San Roque ','05670');
INSERT IGNORE INTO `municipality` (`id_municipality`,`department_id`,`name`,`code`) VALUES (100,2,'San Vicente Ferrer','05674');
INSERT IGNORE INTO `municipality` (`id_municipality`,`department_id`,`name`,`code`) VALUES (101,2,'Santa Bárbara ','05679');
INSERT IGNORE INTO `municipality` (`id_municipality`,`department_id`,`name`,`code`) VALUES (102,2,'Santa Rosa De Osos','05686');
INSERT IGNORE INTO `municipality` (`id_municipality`,`department_id`,`name`,`code`) VALUES (103,2,'Santo Domingo ','05690');
INSERT IGNORE INTO `municipality` (`id_municipality`,`department_id`,`name`,`code`) VALUES (104,2,'El Santuario ','05697');
INSERT IGNORE INTO `municipality` (`id_municipality`,`department_id`,`name`,`code`) VALUES (105,2,'Segovia','05736');
INSERT IGNORE INTO `municipality` (`id_municipality`,`department_id`,`name`,`code`) VALUES (106,2,'Sonsón','05756');
INSERT IGNORE INTO `municipality` (`id_municipality`,`department_id`,`name`,`code`) VALUES (107,2,'Sopetrán','05761');
INSERT IGNORE INTO `municipality` (`id_municipality`,`department_id`,`name`,`code`) VALUES (108,2,'Támesis','05789');
INSERT IGNORE INTO `municipality` (`id_municipality`,`department_id`,`name`,`code`) VALUES (109,2,'Tarazá','05790');
INSERT IGNORE INTO `municipality` (`id_municipality`,`department_id`,`name`,`code`) VALUES (110,2,'Tarso','05792');
INSERT IGNORE INTO `municipality` (`id_municipality`,`department_id`,`name`,`code`) VALUES (111,2,'Titiribí','05809');
INSERT IGNORE INTO `municipality` (`id_municipality`,`department_id`,`name`,`code`) VALUES (112,2,'Toledo','05819');
INSERT IGNORE INTO `municipality` (`id_municipality`,`department_id`,`name`,`code`) VALUES (113,2,'Turbo','05837');
INSERT IGNORE INTO `municipality` (`id_municipality`,`department_id`,`name`,`code`) VALUES (114,2,'Uramita','05842');
INSERT IGNORE INTO `municipality` (`id_municipality`,`department_id`,`name`,`code`) VALUES (115,2,'Urrao','05847');
INSERT IGNORE INTO `municipality` (`id_municipality`,`department_id`,`name`,`code`) VALUES (116,2,'Valdivia','05854');
INSERT IGNORE INTO `municipality` (`id_municipality`,`department_id`,`name`,`code`) VALUES (117,2,'Valparaíso','05856');
INSERT IGNORE INTO `municipality` (`id_municipality`,`department_id`,`name`,`code`) VALUES (118,2,'Vegachí','05858');
INSERT IGNORE INTO `municipality` (`id_municipality`,`department_id`,`name`,`code`) VALUES (119,2,'Venecia','05861');
INSERT IGNORE INTO `municipality` (`id_municipality`,`department_id`,`name`,`code`) VALUES (120,2,'Vigía Del Fuerte','05873');
INSERT IGNORE INTO `municipality` (`id_municipality`,`department_id`,`name`,`code`) VALUES (121,2,'Yalí','05885');
INSERT IGNORE INTO `municipality` (`id_municipality`,`department_id`,`name`,`code`) VALUES (122,2,'Yarumal','05887');
INSERT IGNORE INTO `municipality` (`id_municipality`,`department_id`,`name`,`code`) VALUES (123,2,'Yolombó','05890');
INSERT IGNORE INTO `municipality` (`id_municipality`,`department_id`,`name`,`code`) VALUES (124,2,'Yondó','05893');
INSERT IGNORE INTO `municipality` (`id_municipality`,`department_id`,`name`,`code`) VALUES (125,2,'Zaragoza','05895');
INSERT IGNORE INTO `municipality` (`id_municipality`,`department_id`,`name`,`code`) VALUES (126,4,'Barranquilla','08001');
INSERT IGNORE INTO `municipality` (`id_municipality`,`department_id`,`name`,`code`) VALUES (127,4,'Baranoa','08078');
INSERT IGNORE INTO `municipality` (`id_municipality`,`department_id`,`name`,`code`) VALUES (128,4,'Campo De La Cruz','08137');
INSERT IGNORE INTO `municipality` (`id_municipality`,`department_id`,`name`,`code`) VALUES (129,4,'Candelaria','08141');
INSERT IGNORE INTO `municipality` (`id_municipality`,`department_id`,`name`,`code`) VALUES (130,4,'Galapa','08296');
INSERT IGNORE INTO `municipality` (`id_municipality`,`department_id`,`name`,`code`) VALUES (131,4,'Juan De Acosta','08372');
INSERT IGNORE INTO `municipality` (`id_municipality`,`department_id`,`name`,`code`) VALUES (132,4,'Luruaco','08421');
INSERT IGNORE INTO `municipality` (`id_municipality`,`department_id`,`name`,`code`) VALUES (133,4,'Malambo','08433');
INSERT IGNORE INTO `municipality` (`id_municipality`,`department_id`,`name`,`code`) VALUES (134,4,'Manatí','08436');
INSERT IGNORE INTO `municipality` (`id_municipality`,`department_id`,`name`,`code`) VALUES (135,4,'Palmar De Varela','08520');
INSERT IGNORE INTO `municipality` (`id_municipality`,`department_id`,`name`,`code`) VALUES (136,4,'Piojó','08549');
INSERT IGNORE INTO `municipality` (`id_municipality`,`department_id`,`name`,`code`) VALUES (137,4,'Polonuevo','08558');
INSERT IGNORE INTO `municipality` (`id_municipality`,`department_id`,`name`,`code`) VALUES (138,4,'Ponedera','08560');
INSERT IGNORE INTO `municipality` (`id_municipality`,`department_id`,`name`,`code`) VALUES (139,4,'Puerto Colombia ','08573');
INSERT IGNORE INTO `municipality` (`id_municipality`,`department_id`,`name`,`code`) VALUES (140,4,'Repelón','08606');
INSERT IGNORE INTO `municipality` (`id_municipality`,`department_id`,`name`,`code`) VALUES (141,4,'Sabanagrande','08634');
INSERT IGNORE INTO `municipality` (`id_municipality`,`department_id`,`name`,`code`) VALUES (142,4,'Sabanalarga','08638');
INSERT IGNORE INTO `municipality` (`id_municipality`,`department_id`,`name`,`code`) VALUES (143,4,'Santa Lucía ','08675');
INSERT IGNORE INTO `municipality` (`id_municipality`,`department_id`,`name`,`code`) VALUES (144,4,'Santo Tomás ','08685');
INSERT IGNORE INTO `municipality` (`id_municipality`,`department_id`,`name`,`code`) VALUES (145,4,'Soledad','08758');
INSERT IGNORE INTO `municipality` (`id_municipality`,`department_id`,`name`,`code`) VALUES (146,4,'Suan','08770');
INSERT IGNORE INTO `municipality` (`id_municipality`,`department_id`,`name`,`code`) VALUES (147,4,'Tubará','08832');
INSERT IGNORE INTO `municipality` (`id_municipality`,`department_id`,`name`,`code`) VALUES (148,4,'Usiacurí','08849');
INSERT IGNORE INTO `municipality` (`id_municipality`,`department_id`,`name`,`code`) VALUES (149,5,'Bogotá, D.c. ','11001');
INSERT IGNORE INTO `municipality` (`id_municipality`,`department_id`,`name`,`code`) VALUES (150,6,'Cartagena De Indias','13001');
INSERT IGNORE INTO `municipality` (`id_municipality`,`department_id`,`name`,`code`) VALUES (151,6,'Achí','13006');
INSERT IGNORE INTO `municipality` (`id_municipality`,`department_id`,`name`,`code`) VALUES (152,6,'Altos Del Rosario','13030');
INSERT IGNORE INTO `municipality` (`id_municipality`,`department_id`,`name`,`code`) VALUES (153,6,'Arenal','13042');
INSERT IGNORE INTO `municipality` (`id_municipality`,`department_id`,`name`,`code`) VALUES (154,6,'Arjona','13052');
INSERT IGNORE INTO `municipality` (`id_municipality`,`department_id`,`name`,`code`) VALUES (155,6,'Arroyohondo','13062');
INSERT IGNORE INTO `municipality` (`id_municipality`,`department_id`,`name`,`code`) VALUES (156,6,'Barranco De Loba','13074');
INSERT IGNORE INTO `municipality` (`id_municipality`,`department_id`,`name`,`code`) VALUES (157,6,'Calamar','13140');
INSERT IGNORE INTO `municipality` (`id_municipality`,`department_id`,`name`,`code`) VALUES (158,6,'Cantagallo','13160');
INSERT IGNORE INTO `municipality` (`id_municipality`,`department_id`,`name`,`code`) VALUES (159,6,'Cicuco','13188');
INSERT IGNORE INTO `municipality` (`id_municipality`,`department_id`,`name`,`code`) VALUES (160,6,'Córdoba','13212');
INSERT IGNORE INTO `municipality` (`id_municipality`,`department_id`,`name`,`code`) VALUES (161,6,'Clemencia','13222');
INSERT IGNORE INTO `municipality` (`id_municipality`,`department_id`,`name`,`code`) VALUES (162,6,'El Carmen De Bolívar','13244');
INSERT IGNORE INTO `municipality` (`id_municipality`,`department_id`,`name`,`code`) VALUES (163,6,'El Guamo ','13248');
INSERT IGNORE INTO `municipality` (`id_municipality`,`department_id`,`name`,`code`) VALUES (164,6,'El Peñón ','13268');
INSERT IGNORE INTO `municipality` (`id_municipality`,`department_id`,`name`,`code`) VALUES (165,6,'Hatillo De Loba','13300');
INSERT IGNORE INTO `municipality` (`id_municipality`,`department_id`,`name`,`code`) VALUES (166,6,'Magangué','13430');
INSERT IGNORE INTO `municipality` (`id_municipality`,`department_id`,`name`,`code`) VALUES (167,6,'Mahates','13433');
INSERT IGNORE INTO `municipality` (`id_municipality`,`department_id`,`name`,`code`) VALUES (168,6,'Margarita','13440');
INSERT IGNORE INTO `municipality` (`id_municipality`,`department_id`,`name`,`code`) VALUES (169,6,'María La Baja','13442');
INSERT IGNORE INTO `municipality` (`id_municipality`,`department_id`,`name`,`code`) VALUES (170,6,'Montecristo','13458');
INSERT IGNORE INTO `municipality` (`id_municipality`,`department_id`,`name`,`code`) VALUES (171,6,'Mompós','13468');
INSERT IGNORE INTO `municipality` (`id_municipality`,`department_id`,`name`,`code`) VALUES (172,6,'Morales','13473');
INSERT IGNORE INTO `municipality` (`id_municipality`,`department_id`,`name`,`code`) VALUES (173,6,'Norosí','13490');
INSERT IGNORE INTO `municipality` (`id_municipality`,`department_id`,`name`,`code`) VALUES (174,6,'Pinillos','13549');
INSERT IGNORE INTO `municipality` (`id_municipality`,`department_id`,`name`,`code`) VALUES (175,6,'Regidor','13580');
INSERT IGNORE INTO `municipality` (`id_municipality`,`department_id`,`name`,`code`) VALUES (176,6,'Río Viejo ','13600');
INSERT IGNORE INTO `municipality` (`id_municipality`,`department_id`,`name`,`code`) VALUES (177,6,'San Cristóbal ','13620');
INSERT IGNORE INTO `municipality` (`id_municipality`,`department_id`,`name`,`code`) VALUES (178,6,'San Estanislao ','13647');
INSERT IGNORE INTO `municipality` (`id_municipality`,`department_id`,`name`,`code`) VALUES (179,6,'San Fernando ','13650');
INSERT IGNORE INTO `municipality` (`id_municipality`,`department_id`,`name`,`code`) VALUES (180,6,'San Jacinto ','13654');
INSERT IGNORE INTO `municipality` (`id_municipality`,`department_id`,`name`,`code`) VALUES (181,6,'San Jacinto Del Cauca','13655');
INSERT IGNORE INTO `municipality` (`id_municipality`,`department_id`,`name`,`code`) VALUES (182,6,'San Juan Nepomuceno','13657');
INSERT IGNORE INTO `municipality` (`id_municipality`,`department_id`,`name`,`code`) VALUES (183,6,'San Martín De Loba','13667');
INSERT IGNORE INTO `municipality` (`id_municipality`,`department_id`,`name`,`code`) VALUES (184,6,'San Pablo ','13670');
INSERT IGNORE INTO `municipality` (`id_municipality`,`department_id`,`name`,`code`) VALUES (185,6,'Santa Catalina ','13673');
INSERT IGNORE INTO `municipality` (`id_municipality`,`department_id`,`name`,`code`) VALUES (186,6,'Santa Rosa ','13683');
INSERT IGNORE INTO `municipality` (`id_municipality`,`department_id`,`name`,`code`) VALUES (187,6,'Santa Rosa Del Sur','13688');
INSERT IGNORE INTO `municipality` (`id_municipality`,`department_id`,`name`,`code`) VALUES (188,6,'Simití','13744');
INSERT IGNORE INTO `municipality` (`id_municipality`,`department_id`,`name`,`code`) VALUES (189,6,'Soplaviento','13760');
INSERT IGNORE INTO `municipality` (`id_municipality`,`department_id`,`name`,`code`) VALUES (190,6,'Talaigua Nuevo ','13780');
INSERT IGNORE INTO `municipality` (`id_municipality`,`department_id`,`name`,`code`) VALUES (191,6,'Tiquisio','13810');
INSERT IGNORE INTO `municipality` (`id_municipality`,`department_id`,`name`,`code`) VALUES (192,6,'Turbaco','13836');
INSERT IGNORE INTO `municipality` (`id_municipality`,`department_id`,`name`,`code`) VALUES (193,6,'Turbaná','13838');
INSERT IGNORE INTO `municipality` (`id_municipality`,`department_id`,`name`,`code`) VALUES (194,6,'Villanueva','13873');
INSERT IGNORE INTO `municipality` (`id_municipality`,`department_id`,`name`,`code`) VALUES (195,6,'Zambrano','13894');
INSERT IGNORE INTO `municipality` (`id_municipality`,`department_id`,`name`,`code`) VALUES (196,7,'Tunja','15001');
INSERT IGNORE INTO `municipality` (`id_municipality`,`department_id`,`name`,`code`) VALUES (197,7,'Almeida','15022');
INSERT IGNORE INTO `municipality` (`id_municipality`,`department_id`,`name`,`code`) VALUES (198,7,'Aquitania','15047');
INSERT IGNORE INTO `municipality` (`id_municipality`,`department_id`,`name`,`code`) VALUES (199,7,'Arcabuco','15051');
INSERT IGNORE INTO `municipality` (`id_municipality`,`department_id`,`name`,`code`) VALUES (200,7,'Belén','15087');
INSERT IGNORE INTO `municipality` (`id_municipality`,`department_id`,`name`,`code`) VALUES (201,7,'Berbeo','15090');
INSERT IGNORE INTO `municipality` (`id_municipality`,`department_id`,`name`,`code`) VALUES (202,7,'Betéitiva','15092');
INSERT IGNORE INTO `municipality` (`id_municipality`,`department_id`,`name`,`code`) VALUES (203,7,'Boavita','15097');
INSERT IGNORE INTO `municipality` (`id_municipality`,`department_id`,`name`,`code`) VALUES (204,7,'Boyacá','15104');
INSERT IGNORE INTO `municipality` (`id_municipality`,`department_id`,`name`,`code`) VALUES (205,7,'Briceño','15106');
INSERT IGNORE INTO `municipality` (`id_municipality`,`department_id`,`name`,`code`) VALUES (206,7,'Buenavista','15109');
INSERT IGNORE INTO `municipality` (`id_municipality`,`department_id`,`name`,`code`) VALUES (207,7,'Busbanzá','15114');
INSERT IGNORE INTO `municipality` (`id_municipality`,`department_id`,`name`,`code`) VALUES (208,7,'Caldas','15131');
INSERT IGNORE INTO `municipality` (`id_municipality`,`department_id`,`name`,`code`) VALUES (209,7,'Campohermoso','15135');
INSERT IGNORE INTO `municipality` (`id_municipality`,`department_id`,`name`,`code`) VALUES (210,7,'Cerinza','15162');
INSERT IGNORE INTO `municipality` (`id_municipality`,`department_id`,`name`,`code`) VALUES (211,7,'Chinavita','15172');
INSERT IGNORE INTO `municipality` (`id_municipality`,`department_id`,`name`,`code`) VALUES (212,7,'Chiquinquirá','15176');
INSERT IGNORE INTO `municipality` (`id_municipality`,`department_id`,`name`,`code`) VALUES (213,7,'Chiscas','15180');
INSERT IGNORE INTO `municipality` (`id_municipality`,`department_id`,`name`,`code`) VALUES (214,7,'Chita','15183');
INSERT IGNORE INTO `municipality` (`id_municipality`,`department_id`,`name`,`code`) VALUES (215,7,'Chitaraque','15185');
INSERT IGNORE INTO `municipality` (`id_municipality`,`department_id`,`name`,`code`) VALUES (216,7,'Chivatá','15187');
INSERT IGNORE INTO `municipality` (`id_municipality`,`department_id`,`name`,`code`) VALUES (217,7,'Ciénega','15189');
INSERT IGNORE INTO `municipality` (`id_municipality`,`department_id`,`name`,`code`) VALUES (218,7,'Cómbita','15204');
INSERT IGNORE INTO `municipality` (`id_municipality`,`department_id`,`name`,`code`) VALUES (219,7,'Coper','15212');
INSERT IGNORE INTO `municipality` (`id_municipality`,`department_id`,`name`,`code`) VALUES (220,7,'Corrales','15215');
INSERT IGNORE INTO `municipality` (`id_municipality`,`department_id`,`name`,`code`) VALUES (221,7,'Covarachía','15218');
INSERT IGNORE INTO `municipality` (`id_municipality`,`department_id`,`name`,`code`) VALUES (222,7,'Cubará','15223');
INSERT IGNORE INTO `municipality` (`id_municipality`,`department_id`,`name`,`code`) VALUES (223,7,'Cucaita','15224');
INSERT IGNORE INTO `municipality` (`id_municipality`,`department_id`,`name`,`code`) VALUES (224,7,'Cuítiva','15226');
INSERT IGNORE INTO `municipality` (`id_municipality`,`department_id`,`name`,`code`) VALUES (225,7,'Chíquiza','15232');
INSERT IGNORE INTO `municipality` (`id_municipality`,`department_id`,`name`,`code`) VALUES (226,7,'Chivor','15236');
INSERT IGNORE INTO `municipality` (`id_municipality`,`department_id`,`name`,`code`) VALUES (227,7,'Duitama','15238');
INSERT IGNORE INTO `municipality` (`id_municipality`,`department_id`,`name`,`code`) VALUES (228,7,'El Cocuy ','15244');
INSERT IGNORE INTO `municipality` (`id_municipality`,`department_id`,`name`,`code`) VALUES (229,7,'El Espino ','15248');
INSERT IGNORE INTO `municipality` (`id_municipality`,`department_id`,`name`,`code`) VALUES (230,7,'Firavitoba','15272');
INSERT IGNORE INTO `municipality` (`id_municipality`,`department_id`,`name`,`code`) VALUES (231,7,'Floresta','15276');
INSERT IGNORE INTO `municipality` (`id_municipality`,`department_id`,`name`,`code`) VALUES (232,7,'Gachantivá','15293');
INSERT IGNORE INTO `municipality` (`id_municipality`,`department_id`,`name`,`code`) VALUES (233,7,'Gámeza','15296');
INSERT IGNORE INTO `municipality` (`id_municipality`,`department_id`,`name`,`code`) VALUES (234,7,'Garagoa','15299');
INSERT IGNORE INTO `municipality` (`id_municipality`,`department_id`,`name`,`code`) VALUES (235,7,'Guacamayas','15317');
INSERT IGNORE INTO `municipality` (`id_municipality`,`department_id`,`name`,`code`) VALUES (236,7,'Guateque','15322');
INSERT IGNORE INTO `municipality` (`id_municipality`,`department_id`,`name`,`code`) VALUES (237,7,'Guayatá','15325');
INSERT IGNORE INTO `municipality` (`id_municipality`,`department_id`,`name`,`code`) VALUES (238,7,'Güicán De La Sierra','15332');
INSERT IGNORE INTO `municipality` (`id_municipality`,`department_id`,`name`,`code`) VALUES (239,7,'Iza','15362');
INSERT IGNORE INTO `municipality` (`id_municipality`,`department_id`,`name`,`code`) VALUES (240,7,'Jenesano','15367');
INSERT IGNORE INTO `municipality` (`id_municipality`,`department_id`,`name`,`code`) VALUES (241,7,'Jericó','15368');
INSERT IGNORE INTO `municipality` (`id_municipality`,`department_id`,`name`,`code`) VALUES (242,7,'Labranzagrande','15377');
INSERT IGNORE INTO `municipality` (`id_municipality`,`department_id`,`name`,`code`) VALUES (243,7,'La Capilla ','15380');
INSERT IGNORE INTO `municipality` (`id_municipality`,`department_id`,`name`,`code`) VALUES (244,7,'La Victoria ','15401');
INSERT IGNORE INTO `municipality` (`id_municipality`,`department_id`,`name`,`code`) VALUES (245,7,'La Uvita ','15403');
INSERT IGNORE INTO `municipality` (`id_municipality`,`department_id`,`name`,`code`) VALUES (246,7,'Villa De Leyva','15407');
INSERT IGNORE INTO `municipality` (`id_municipality`,`department_id`,`name`,`code`) VALUES (247,7,'Macanal','15425');
INSERT IGNORE INTO `municipality` (`id_municipality`,`department_id`,`name`,`code`) VALUES (248,7,'Maripí','15442');
INSERT IGNORE INTO `municipality` (`id_municipality`,`department_id`,`name`,`code`) VALUES (249,7,'Miraflores','15455');
INSERT IGNORE INTO `municipality` (`id_municipality`,`department_id`,`name`,`code`) VALUES (250,7,'Mongua','15464');
INSERT IGNORE INTO `municipality` (`id_municipality`,`department_id`,`name`,`code`) VALUES (251,7,'Monguí','15466');
INSERT IGNORE INTO `municipality` (`id_municipality`,`department_id`,`name`,`code`) VALUES (252,7,'Moniquirá','15469');
INSERT IGNORE INTO `municipality` (`id_municipality`,`department_id`,`name`,`code`) VALUES (253,7,'Motavita','15476');
INSERT IGNORE INTO `municipality` (`id_municipality`,`department_id`,`name`,`code`) VALUES (254,7,'Muzo','15480');
INSERT IGNORE INTO `municipality` (`id_municipality`,`department_id`,`name`,`code`) VALUES (255,7,'Nobsa','15491');
INSERT IGNORE INTO `municipality` (`id_municipality`,`department_id`,`name`,`code`) VALUES (256,7,'Nuevo Colón ','15494');
INSERT IGNORE INTO `municipality` (`id_municipality`,`department_id`,`name`,`code`) VALUES (257,7,'Oicatá','15500');
INSERT IGNORE INTO `municipality` (`id_municipality`,`department_id`,`name`,`code`) VALUES (258,7,'Otanche','15507');
INSERT IGNORE INTO `municipality` (`id_municipality`,`department_id`,`name`,`code`) VALUES (259,7,'Pachavita','15511');
INSERT IGNORE INTO `municipality` (`id_municipality`,`department_id`,`name`,`code`) VALUES (260,7,'Páez','15514');
INSERT IGNORE INTO `municipality` (`id_municipality`,`department_id`,`name`,`code`) VALUES (261,7,'Paipa','15516');
INSERT IGNORE INTO `municipality` (`id_municipality`,`department_id`,`name`,`code`) VALUES (262,7,'Pajarito','15518');
INSERT IGNORE INTO `municipality` (`id_municipality`,`department_id`,`name`,`code`) VALUES (263,7,'Panqueba','15522');
INSERT IGNORE INTO `municipality` (`id_municipality`,`department_id`,`name`,`code`) VALUES (264,7,'Pauna','15531');
INSERT IGNORE INTO `municipality` (`id_municipality`,`department_id`,`name`,`code`) VALUES (265,7,'Paya','15533');
INSERT IGNORE INTO `municipality` (`id_municipality`,`department_id`,`name`,`code`) VALUES (266,7,'Paz De Río','15537');
INSERT IGNORE INTO `municipality` (`id_municipality`,`department_id`,`name`,`code`) VALUES (267,7,'Pesca','15542');
INSERT IGNORE INTO `municipality` (`id_municipality`,`department_id`,`name`,`code`) VALUES (268,7,'Pisba','15550');
INSERT IGNORE INTO `municipality` (`id_municipality`,`department_id`,`name`,`code`) VALUES (269,7,'Puerto Boyacá ','15572');
INSERT IGNORE INTO `municipality` (`id_municipality`,`department_id`,`name`,`code`) VALUES (270,7,'Quípama','15580');
INSERT IGNORE INTO `municipality` (`id_municipality`,`department_id`,`name`,`code`) VALUES (271,7,'Ramiriquí','15599');
INSERT IGNORE INTO `municipality` (`id_municipality`,`department_id`,`name`,`code`) VALUES (272,7,'Ráquira','15600');
INSERT IGNORE INTO `municipality` (`id_municipality`,`department_id`,`name`,`code`) VALUES (273,7,'Rondón','15621');
INSERT IGNORE INTO `municipality` (`id_municipality`,`department_id`,`name`,`code`) VALUES (274,7,'Saboyá','15632');
INSERT IGNORE INTO `municipality` (`id_municipality`,`department_id`,`name`,`code`) VALUES (275,7,'Sáchica','15638');
INSERT IGNORE INTO `municipality` (`id_municipality`,`department_id`,`name`,`code`) VALUES (276,7,'Samacá','15646');
INSERT IGNORE INTO `municipality` (`id_municipality`,`department_id`,`name`,`code`) VALUES (277,7,'San Eduardo ','15660');
INSERT IGNORE INTO `municipality` (`id_municipality`,`department_id`,`name`,`code`) VALUES (278,7,'San José De Pare','15664');
INSERT IGNORE INTO `municipality` (`id_municipality`,`department_id`,`name`,`code`) VALUES (279,7,'San Luis De Gaceno','15667');
INSERT IGNORE INTO `municipality` (`id_municipality`,`department_id`,`name`,`code`) VALUES (280,7,'San Mateo ','15673');
INSERT IGNORE INTO `municipality` (`id_municipality`,`department_id`,`name`,`code`) VALUES (281,7,'San Miguel De Sema','15676');
INSERT IGNORE INTO `municipality` (`id_municipality`,`department_id`,`name`,`code`) VALUES (282,7,'San Pablo De Borbur','15681');
INSERT IGNORE INTO `municipality` (`id_municipality`,`department_id`,`name`,`code`) VALUES (283,7,'Santana','15686');
INSERT IGNORE INTO `municipality` (`id_municipality`,`department_id`,`name`,`code`) VALUES (284,7,'Santa María ','15690');
INSERT IGNORE INTO `municipality` (`id_municipality`,`department_id`,`name`,`code`) VALUES (285,7,'Santa Rosa De Viterbo','15693');
INSERT IGNORE INTO `municipality` (`id_municipality`,`department_id`,`name`,`code`) VALUES (286,7,'Santa Sofía ','15696');
INSERT IGNORE INTO `municipality` (`id_municipality`,`department_id`,`name`,`code`) VALUES (287,7,'Sativanorte','15720');
INSERT IGNORE INTO `municipality` (`id_municipality`,`department_id`,`name`,`code`) VALUES (288,7,'Sativasur','15723');
INSERT IGNORE INTO `municipality` (`id_municipality`,`department_id`,`name`,`code`) VALUES (289,7,'Siachoque','15740');
INSERT IGNORE INTO `municipality` (`id_municipality`,`department_id`,`name`,`code`) VALUES (290,7,'Soatá','15753');
INSERT IGNORE INTO `municipality` (`id_municipality`,`department_id`,`name`,`code`) VALUES (291,7,'Socotá','15755');
INSERT IGNORE INTO `municipality` (`id_municipality`,`department_id`,`name`,`code`) VALUES (292,7,'Socha','15757');
INSERT IGNORE INTO `municipality` (`id_municipality`,`department_id`,`name`,`code`) VALUES (293,7,'Sogamoso','15759');
INSERT IGNORE INTO `municipality` (`id_municipality`,`department_id`,`name`,`code`) VALUES (294,7,'Somondoco','15761');
INSERT IGNORE INTO `municipality` (`id_municipality`,`department_id`,`name`,`code`) VALUES (295,7,'Sora','15762');
INSERT IGNORE INTO `municipality` (`id_municipality`,`department_id`,`name`,`code`) VALUES (296,7,'Sotaquirá','15763');
INSERT IGNORE INTO `municipality` (`id_municipality`,`department_id`,`name`,`code`) VALUES (297,7,'Soracá','15764');
INSERT IGNORE INTO `municipality` (`id_municipality`,`department_id`,`name`,`code`) VALUES (298,7,'Susacón','15774');
INSERT IGNORE INTO `municipality` (`id_municipality`,`department_id`,`name`,`code`) VALUES (299,7,'Sutamarchán','15776');
INSERT IGNORE INTO `municipality` (`id_municipality`,`department_id`,`name`,`code`) VALUES (300,7,'Sutatenza','15778');
INSERT IGNORE INTO `municipality` (`id_municipality`,`department_id`,`name`,`code`) VALUES (301,7,'Tasco','15790');
INSERT IGNORE INTO `municipality` (`id_municipality`,`department_id`,`name`,`code`) VALUES (302,7,'Tenza','15798');
INSERT IGNORE INTO `municipality` (`id_municipality`,`department_id`,`name`,`code`) VALUES (303,7,'Tibaná','15804');
INSERT IGNORE INTO `municipality` (`id_municipality`,`department_id`,`name`,`code`) VALUES (304,7,'Tibasosa','15806');
INSERT IGNORE INTO `municipality` (`id_municipality`,`department_id`,`name`,`code`) VALUES (305,7,'Tinjacá','15808');
INSERT IGNORE INTO `municipality` (`id_municipality`,`department_id`,`name`,`code`) VALUES (306,7,'Tipacoque','15810');
INSERT IGNORE INTO `municipality` (`id_municipality`,`department_id`,`name`,`code`) VALUES (307,7,'Toca','15814');
INSERT IGNORE INTO `municipality` (`id_municipality`,`department_id`,`name`,`code`) VALUES (308,7,'Togüí','15816');
INSERT IGNORE INTO `municipality` (`id_municipality`,`department_id`,`name`,`code`) VALUES (309,7,'Tópaga','15820');
INSERT IGNORE INTO `municipality` (`id_municipality`,`department_id`,`name`,`code`) VALUES (310,7,'Tota','15822');
INSERT IGNORE INTO `municipality` (`id_municipality`,`department_id`,`name`,`code`) VALUES (311,7,'Tununguá','15832');
INSERT IGNORE INTO `municipality` (`id_municipality`,`department_id`,`name`,`code`) VALUES (312,7,'Turmequé','15835');
INSERT IGNORE INTO `municipality` (`id_municipality`,`department_id`,`name`,`code`) VALUES (313,7,'Tuta','15837');
INSERT IGNORE INTO `municipality` (`id_municipality`,`department_id`,`name`,`code`) VALUES (314,7,'Tutazá','15839');
INSERT IGNORE INTO `municipality` (`id_municipality`,`department_id`,`name`,`code`) VALUES (315,7,'Úmbita','15842');
INSERT IGNORE INTO `municipality` (`id_municipality`,`department_id`,`name`,`code`) VALUES (316,7,'Ventaquemada','15861');
INSERT IGNORE INTO `municipality` (`id_municipality`,`department_id`,`name`,`code`) VALUES (317,7,'Viracachá','15879');
INSERT IGNORE INTO `municipality` (`id_municipality`,`department_id`,`name`,`code`) VALUES (318,7,'Zetaquira','15897');
INSERT IGNORE INTO `municipality` (`id_municipality`,`department_id`,`name`,`code`) VALUES (319,8,'Manizales','17001');
INSERT IGNORE INTO `municipality` (`id_municipality`,`department_id`,`name`,`code`) VALUES (320,8,'Aguadas','17013');
INSERT IGNORE INTO `municipality` (`id_municipality`,`department_id`,`name`,`code`) VALUES (321,8,'Anserma','17042');
INSERT IGNORE INTO `municipality` (`id_municipality`,`department_id`,`name`,`code`) VALUES (322,8,'Aranzazu','17050');
INSERT IGNORE INTO `municipality` (`id_municipality`,`department_id`,`name`,`code`) VALUES (323,8,'Belalcázar','17088');
INSERT IGNORE INTO `municipality` (`id_municipality`,`department_id`,`name`,`code`) VALUES (324,8,'Chinchiná','17174');
INSERT IGNORE INTO `municipality` (`id_municipality`,`department_id`,`name`,`code`) VALUES (325,8,'Filadelfia','17272');
INSERT IGNORE INTO `municipality` (`id_municipality`,`department_id`,`name`,`code`) VALUES (326,8,'La Dorada ','17380');
INSERT IGNORE INTO `municipality` (`id_municipality`,`department_id`,`name`,`code`) VALUES (327,8,'La Merced ','17388');
INSERT IGNORE INTO `municipality` (`id_municipality`,`department_id`,`name`,`code`) VALUES (328,8,'Manzanares','17433');
INSERT IGNORE INTO `municipality` (`id_municipality`,`department_id`,`name`,`code`) VALUES (329,8,'Marmato','17442');
INSERT IGNORE INTO `municipality` (`id_municipality`,`department_id`,`name`,`code`) VALUES (330,8,'Marquetalia','17444');
INSERT IGNORE INTO `municipality` (`id_municipality`,`department_id`,`name`,`code`) VALUES (331,8,'Marulanda','17446');
INSERT IGNORE INTO `municipality` (`id_municipality`,`department_id`,`name`,`code`) VALUES (332,8,'Neira','17486');
INSERT IGNORE INTO `municipality` (`id_municipality`,`department_id`,`name`,`code`) VALUES (333,8,'Norcasia','17495');
INSERT IGNORE INTO `municipality` (`id_municipality`,`department_id`,`name`,`code`) VALUES (334,8,'Pácora','17513');
INSERT IGNORE INTO `municipality` (`id_municipality`,`department_id`,`name`,`code`) VALUES (335,8,'Palestina','17524');
INSERT IGNORE INTO `municipality` (`id_municipality`,`department_id`,`name`,`code`) VALUES (336,8,'Pensilvania','17541');
INSERT IGNORE INTO `municipality` (`id_municipality`,`department_id`,`name`,`code`) VALUES (337,8,'Riosucio','17614');
INSERT IGNORE INTO `municipality` (`id_municipality`,`department_id`,`name`,`code`) VALUES (338,8,'Risaralda','17616');
INSERT IGNORE INTO `municipality` (`id_municipality`,`department_id`,`name`,`code`) VALUES (339,8,'Salamina','17653');
INSERT IGNORE INTO `municipality` (`id_municipality`,`department_id`,`name`,`code`) VALUES (340,8,'Samaná','17662');
INSERT IGNORE INTO `municipality` (`id_municipality`,`department_id`,`name`,`code`) VALUES (341,8,'San José ','17665');
INSERT IGNORE INTO `municipality` (`id_municipality`,`department_id`,`name`,`code`) VALUES (342,8,'Supía','17777');
INSERT IGNORE INTO `municipality` (`id_municipality`,`department_id`,`name`,`code`) VALUES (343,8,'Victoria','17867');
INSERT IGNORE INTO `municipality` (`id_municipality`,`department_id`,`name`,`code`) VALUES (344,8,'Villamaría','17873');
INSERT IGNORE INTO `municipality` (`id_municipality`,`department_id`,`name`,`code`) VALUES (345,8,'Viterbo','17877');
INSERT IGNORE INTO `municipality` (`id_municipality`,`department_id`,`name`,`code`) VALUES (346,9,'Florencia','18001');
INSERT IGNORE INTO `municipality` (`id_municipality`,`department_id`,`name`,`code`) VALUES (347,9,'Albania','18029');
INSERT IGNORE INTO `municipality` (`id_municipality`,`department_id`,`name`,`code`) VALUES (348,9,'Belén De Los Andaquíes','18094');
INSERT IGNORE INTO `municipality` (`id_municipality`,`department_id`,`name`,`code`) VALUES (349,9,'Cartagena Del Chairá','18150');
INSERT IGNORE INTO `municipality` (`id_municipality`,`department_id`,`name`,`code`) VALUES (350,9,'Curillo','18205');
INSERT IGNORE INTO `municipality` (`id_municipality`,`department_id`,`name`,`code`) VALUES (351,9,'El Doncello ','18247');
INSERT IGNORE INTO `municipality` (`id_municipality`,`department_id`,`name`,`code`) VALUES (352,9,'El Paujíl ','18256');
INSERT IGNORE INTO `municipality` (`id_municipality`,`department_id`,`name`,`code`) VALUES (353,9,'La Montañita ','18410');
INSERT IGNORE INTO `municipality` (`id_municipality`,`department_id`,`name`,`code`) VALUES (354,9,'Milán','18460');
INSERT IGNORE INTO `municipality` (`id_municipality`,`department_id`,`name`,`code`) VALUES (355,9,'Morelia','18479');
INSERT IGNORE INTO `municipality` (`id_municipality`,`department_id`,`name`,`code`) VALUES (356,9,'Puerto Rico ','18592');
INSERT IGNORE INTO `municipality` (`id_municipality`,`department_id`,`name`,`code`) VALUES (357,9,'San José Del Fragua','18610');
INSERT IGNORE INTO `municipality` (`id_municipality`,`department_id`,`name`,`code`) VALUES (358,9,'San Vicente Del Caguán','18753');
INSERT IGNORE INTO `municipality` (`id_municipality`,`department_id`,`name`,`code`) VALUES (359,9,'Solano','18756');
INSERT IGNORE INTO `municipality` (`id_municipality`,`department_id`,`name`,`code`) VALUES (360,9,'Solita','18785');
INSERT IGNORE INTO `municipality` (`id_municipality`,`department_id`,`name`,`code`) VALUES (361,9,'Valparaíso','18860');
INSERT IGNORE INTO `municipality` (`id_municipality`,`department_id`,`name`,`code`) VALUES (362,11,'Popayán','19001');
INSERT IGNORE INTO `municipality` (`id_municipality`,`department_id`,`name`,`code`) VALUES (363,11,'Almaguer','19022');
INSERT IGNORE INTO `municipality` (`id_municipality`,`department_id`,`name`,`code`) VALUES (364,11,'Argelia','19050');
INSERT IGNORE INTO `municipality` (`id_municipality`,`department_id`,`name`,`code`) VALUES (365,11,'Balboa','19075');
INSERT IGNORE INTO `municipality` (`id_municipality`,`department_id`,`name`,`code`) VALUES (366,11,'Bolívar','19100');
INSERT IGNORE INTO `municipality` (`id_municipality`,`department_id`,`name`,`code`) VALUES (367,11,'Buenos Aires ','19110');
INSERT IGNORE INTO `municipality` (`id_municipality`,`department_id`,`name`,`code`) VALUES (368,11,'Cajibío','19130');
INSERT IGNORE INTO `municipality` (`id_municipality`,`department_id`,`name`,`code`) VALUES (369,11,'Caldono','19137');
INSERT IGNORE INTO `municipality` (`id_municipality`,`department_id`,`name`,`code`) VALUES (370,11,'Caloto','19142');
INSERT IGNORE INTO `municipality` (`id_municipality`,`department_id`,`name`,`code`) VALUES (371,11,'Corinto','19212');
INSERT IGNORE INTO `municipality` (`id_municipality`,`department_id`,`name`,`code`) VALUES (372,11,'El Tambo ','19256');
INSERT IGNORE INTO `municipality` (`id_municipality`,`department_id`,`name`,`code`) VALUES (373,11,'Florencia','19290');
INSERT IGNORE INTO `municipality` (`id_municipality`,`department_id`,`name`,`code`) VALUES (374,11,'Guachené','19300');
INSERT IGNORE INTO `municipality` (`id_municipality`,`department_id`,`name`,`code`) VALUES (375,11,'Guapí','19318');
INSERT IGNORE INTO `municipality` (`id_municipality`,`department_id`,`name`,`code`) VALUES (376,11,'Inzá','19355');
INSERT IGNORE INTO `municipality` (`id_municipality`,`department_id`,`name`,`code`) VALUES (377,11,'Jambaló','19364');
INSERT IGNORE INTO `municipality` (`id_municipality`,`department_id`,`name`,`code`) VALUES (378,11,'La Sierra ','19392');
INSERT IGNORE INTO `municipality` (`id_municipality`,`department_id`,`name`,`code`) VALUES (379,11,'La Vega ','19397');
INSERT IGNORE INTO `municipality` (`id_municipality`,`department_id`,`name`,`code`) VALUES (380,11,'López De Micay','19418');
INSERT IGNORE INTO `municipality` (`id_municipality`,`department_id`,`name`,`code`) VALUES (381,11,'Mercaderes','19450');
INSERT IGNORE INTO `municipality` (`id_municipality`,`department_id`,`name`,`code`) VALUES (382,11,'Miranda','19455');
INSERT IGNORE INTO `municipality` (`id_municipality`,`department_id`,`name`,`code`) VALUES (383,11,'Morales','19473');
INSERT IGNORE INTO `municipality` (`id_municipality`,`department_id`,`name`,`code`) VALUES (384,11,'Padilla','19513');
INSERT IGNORE INTO `municipality` (`id_municipality`,`department_id`,`name`,`code`) VALUES (385,11,'Páez','19517');
INSERT IGNORE INTO `municipality` (`id_municipality`,`department_id`,`name`,`code`) VALUES (386,11,'Patía','19532');
INSERT IGNORE INTO `municipality` (`id_municipality`,`department_id`,`name`,`code`) VALUES (387,11,'Piamonte','19533');
INSERT IGNORE INTO `municipality` (`id_municipality`,`department_id`,`name`,`code`) VALUES (388,11,'Piendamó - Tunía','19548');
INSERT IGNORE INTO `municipality` (`id_municipality`,`department_id`,`name`,`code`) VALUES (389,11,'Puerto Tejada ','19573');
INSERT IGNORE INTO `municipality` (`id_municipality`,`department_id`,`name`,`code`) VALUES (390,11,'Puracé','19585');
INSERT IGNORE INTO `municipality` (`id_municipality`,`department_id`,`name`,`code`) VALUES (391,11,'Rosas','19622');
INSERT IGNORE INTO `municipality` (`id_municipality`,`department_id`,`name`,`code`) VALUES (392,11,'San Sebastián ','19693');
INSERT IGNORE INTO `municipality` (`id_municipality`,`department_id`,`name`,`code`) VALUES (393,11,'Santander De Quilichao','19698');
INSERT IGNORE INTO `municipality` (`id_municipality`,`department_id`,`name`,`code`) VALUES (394,11,'Santa Rosa ','19701');
INSERT IGNORE INTO `municipality` (`id_municipality`,`department_id`,`name`,`code`) VALUES (395,11,'Silvia','19743');
INSERT IGNORE INTO `municipality` (`id_municipality`,`department_id`,`name`,`code`) VALUES (396,11,'Sotara','19760');
INSERT IGNORE INTO `municipality` (`id_municipality`,`department_id`,`name`,`code`) VALUES (397,11,'Suárez','19780');
INSERT IGNORE INTO `municipality` (`id_municipality`,`department_id`,`name`,`code`) VALUES (398,11,'Sucre','19785');
INSERT IGNORE INTO `municipality` (`id_municipality`,`department_id`,`name`,`code`) VALUES (399,11,'Timbío','19807');
INSERT IGNORE INTO `municipality` (`id_municipality`,`department_id`,`name`,`code`) VALUES (400,11,'Timbiquí','19809');
INSERT IGNORE INTO `municipality` (`id_municipality`,`department_id`,`name`,`code`) VALUES (401,11,'Toribío','19821');
INSERT IGNORE INTO `municipality` (`id_municipality`,`department_id`,`name`,`code`) VALUES (402,11,'Totoró','19824');
INSERT IGNORE INTO `municipality` (`id_municipality`,`department_id`,`name`,`code`) VALUES (403,11,'Villa Rica ','19845');
INSERT IGNORE INTO `municipality` (`id_municipality`,`department_id`,`name`,`code`) VALUES (404,12,'Valledupar','20001');
INSERT IGNORE INTO `municipality` (`id_municipality`,`department_id`,`name`,`code`) VALUES (405,12,'Aguachica','20011');
INSERT IGNORE INTO `municipality` (`id_municipality`,`department_id`,`name`,`code`) VALUES (406,12,'Agustín Codazzi ','20013');
INSERT IGNORE INTO `municipality` (`id_municipality`,`department_id`,`name`,`code`) VALUES (407,12,'Astrea','20032');
INSERT IGNORE INTO `municipality` (`id_municipality`,`department_id`,`name`,`code`) VALUES (408,12,'Becerril','20045');
INSERT IGNORE INTO `municipality` (`id_municipality`,`department_id`,`name`,`code`) VALUES (409,12,'Bosconia','20060');
INSERT IGNORE INTO `municipality` (`id_municipality`,`department_id`,`name`,`code`) VALUES (410,12,'Chimichagua','20175');
INSERT IGNORE INTO `municipality` (`id_municipality`,`department_id`,`name`,`code`) VALUES (411,12,'Chiriguaná','20178');
INSERT IGNORE INTO `municipality` (`id_municipality`,`department_id`,`name`,`code`) VALUES (412,12,'Curumaní','20228');
INSERT IGNORE INTO `municipality` (`id_municipality`,`department_id`,`name`,`code`) VALUES (413,12,'El Copey ','20238');
INSERT IGNORE INTO `municipality` (`id_municipality`,`department_id`,`name`,`code`) VALUES (414,12,'El Paso ','20250');
INSERT IGNORE INTO `municipality` (`id_municipality`,`department_id`,`name`,`code`) VALUES (415,12,'Gamarra','20295');
INSERT IGNORE INTO `municipality` (`id_municipality`,`department_id`,`name`,`code`) VALUES (416,12,'González','20310');
INSERT IGNORE INTO `municipality` (`id_municipality`,`department_id`,`name`,`code`) VALUES (417,12,'La Gloria ','20383');
INSERT IGNORE INTO `municipality` (`id_municipality`,`department_id`,`name`,`code`) VALUES (418,12,'La Jagua De Ibirico','20400');
INSERT IGNORE INTO `municipality` (`id_municipality`,`department_id`,`name`,`code`) VALUES (419,12,'Manaure Balcón Del Cesar','20443');
INSERT IGNORE INTO `municipality` (`id_municipality`,`department_id`,`name`,`code`) VALUES (420,12,'Pailitas','20517');
INSERT IGNORE INTO `municipality` (`id_municipality`,`department_id`,`name`,`code`) VALUES (421,12,'Pelaya','20550');
INSERT IGNORE INTO `municipality` (`id_municipality`,`department_id`,`name`,`code`) VALUES (422,12,'Pueblo Bello ','20570');
INSERT IGNORE INTO `municipality` (`id_municipality`,`department_id`,`name`,`code`) VALUES (423,12,'Río De Oro','20614');
INSERT IGNORE INTO `municipality` (`id_municipality`,`department_id`,`name`,`code`) VALUES (424,12,'La Paz ','20621');
INSERT IGNORE INTO `municipality` (`id_municipality`,`department_id`,`name`,`code`) VALUES (425,12,'San Alberto ','20710');
INSERT IGNORE INTO `municipality` (`id_municipality`,`department_id`,`name`,`code`) VALUES (426,12,'San Diego ','20750');
INSERT IGNORE INTO `municipality` (`id_municipality`,`department_id`,`name`,`code`) VALUES (427,12,'San Martín ','20770');
INSERT IGNORE INTO `municipality` (`id_municipality`,`department_id`,`name`,`code`) VALUES (428,12,'Tamalameque','20787');
INSERT IGNORE INTO `municipality` (`id_municipality`,`department_id`,`name`,`code`) VALUES (429,14,'Montería','23001');
INSERT IGNORE INTO `municipality` (`id_municipality`,`department_id`,`name`,`code`) VALUES (430,14,'Ayapel','23068');
INSERT IGNORE INTO `municipality` (`id_municipality`,`department_id`,`name`,`code`) VALUES (431,14,'Buenavista','23079');
INSERT IGNORE INTO `municipality` (`id_municipality`,`department_id`,`name`,`code`) VALUES (432,14,'Canalete','23090');
INSERT IGNORE INTO `municipality` (`id_municipality`,`department_id`,`name`,`code`) VALUES (433,14,'Cereté','23162');
INSERT IGNORE INTO `municipality` (`id_municipality`,`department_id`,`name`,`code`) VALUES (434,14,'Chimá','23168');
INSERT IGNORE INTO `municipality` (`id_municipality`,`department_id`,`name`,`code`) VALUES (435,14,'Chinú','23182');
INSERT IGNORE INTO `municipality` (`id_municipality`,`department_id`,`name`,`code`) VALUES (436,14,'Ciénaga De Oro','23189');
INSERT IGNORE INTO `municipality` (`id_municipality`,`department_id`,`name`,`code`) VALUES (437,14,'Cotorra','23300');
INSERT IGNORE INTO `municipality` (`id_municipality`,`department_id`,`name`,`code`) VALUES (438,14,'La Apartada ','23350');
INSERT IGNORE INTO `municipality` (`id_municipality`,`department_id`,`name`,`code`) VALUES (439,14,'Lorica','23417');
INSERT IGNORE INTO `municipality` (`id_municipality`,`department_id`,`name`,`code`) VALUES (440,14,'Los Córdobas ','23419');
INSERT IGNORE INTO `municipality` (`id_municipality`,`department_id`,`name`,`code`) VALUES (441,14,'Momil','23464');
INSERT IGNORE INTO `municipality` (`id_municipality`,`department_id`,`name`,`code`) VALUES (442,14,'Montelíbano','23466');
INSERT IGNORE INTO `municipality` (`id_municipality`,`department_id`,`name`,`code`) VALUES (443,14,'Moñitos','23500');
INSERT IGNORE INTO `municipality` (`id_municipality`,`department_id`,`name`,`code`) VALUES (444,14,'Planeta Rica ','23555');
INSERT IGNORE INTO `municipality` (`id_municipality`,`department_id`,`name`,`code`) VALUES (445,14,'Pueblo Nuevo ','23570');
INSERT IGNORE INTO `municipality` (`id_municipality`,`department_id`,`name`,`code`) VALUES (446,14,'Puerto Escondido ','23574');
INSERT IGNORE INTO `municipality` (`id_municipality`,`department_id`,`name`,`code`) VALUES (447,14,'Puerto Libertador ','23580');
INSERT IGNORE INTO `municipality` (`id_municipality`,`department_id`,`name`,`code`) VALUES (448,14,'Purísima De La Concepción','23586');
INSERT IGNORE INTO `municipality` (`id_municipality`,`department_id`,`name`,`code`) VALUES (449,14,'Sahagún','23660');
INSERT IGNORE INTO `municipality` (`id_municipality`,`department_id`,`name`,`code`) VALUES (450,14,'San Andrés De Sotavento','23670');
INSERT IGNORE INTO `municipality` (`id_municipality`,`department_id`,`name`,`code`) VALUES (451,14,'San Antero ','23672');
INSERT IGNORE INTO `municipality` (`id_municipality`,`department_id`,`name`,`code`) VALUES (452,14,'San Bernardo Del Viento','23675');
INSERT IGNORE INTO `municipality` (`id_municipality`,`department_id`,`name`,`code`) VALUES (453,14,'San Carlos ','23678');
INSERT IGNORE INTO `municipality` (`id_municipality`,`department_id`,`name`,`code`) VALUES (454,14,'San José De Uré','23682');
INSERT IGNORE INTO `municipality` (`id_municipality`,`department_id`,`name`,`code`) VALUES (455,14,'San Pelayo ','23686');
INSERT IGNORE INTO `municipality` (`id_municipality`,`department_id`,`name`,`code`) VALUES (456,14,'Tierralta','23807');
INSERT IGNORE INTO `municipality` (`id_municipality`,`department_id`,`name`,`code`) VALUES (457,14,'Tuchín','23815');
INSERT IGNORE INTO `municipality` (`id_municipality`,`department_id`,`name`,`code`) VALUES (458,14,'Valencia','23855');
INSERT IGNORE INTO `municipality` (`id_municipality`,`department_id`,`name`,`code`) VALUES (459,15,'Agua De Dios','25001');
INSERT IGNORE INTO `municipality` (`id_municipality`,`department_id`,`name`,`code`) VALUES (460,15,'Albán','25019');
INSERT IGNORE INTO `municipality` (`id_municipality`,`department_id`,`name`,`code`) VALUES (461,15,'Anapoima','25035');
INSERT IGNORE INTO `municipality` (`id_municipality`,`department_id`,`name`,`code`) VALUES (462,15,'Anolaima','25040');
INSERT IGNORE INTO `municipality` (`id_municipality`,`department_id`,`name`,`code`) VALUES (463,15,'Arbeláez','25053');
INSERT IGNORE INTO `municipality` (`id_municipality`,`department_id`,`name`,`code`) VALUES (464,15,'Beltrán','25086');
INSERT IGNORE INTO `municipality` (`id_municipality`,`department_id`,`name`,`code`) VALUES (465,15,'Bituima','25095');
INSERT IGNORE INTO `municipality` (`id_municipality`,`department_id`,`name`,`code`) VALUES (466,15,'Bojacá','25099');
INSERT IGNORE INTO `municipality` (`id_municipality`,`department_id`,`name`,`code`) VALUES (467,15,'Cabrera','25120');
INSERT IGNORE INTO `municipality` (`id_municipality`,`department_id`,`name`,`code`) VALUES (468,15,'Cachipay','25123');
INSERT IGNORE INTO `municipality` (`id_municipality`,`department_id`,`name`,`code`) VALUES (469,15,'Cajicá','25126');
INSERT IGNORE INTO `municipality` (`id_municipality`,`department_id`,`name`,`code`) VALUES (470,15,'Caparrapí','25148');
INSERT IGNORE INTO `municipality` (`id_municipality`,`department_id`,`name`,`code`) VALUES (471,15,'Cáqueza','25151');
INSERT IGNORE INTO `municipality` (`id_municipality`,`department_id`,`name`,`code`) VALUES (472,15,'Carmen De Carupa','25154');
INSERT IGNORE INTO `municipality` (`id_municipality`,`department_id`,`name`,`code`) VALUES (473,15,'Chaguaní','25168');
INSERT IGNORE INTO `municipality` (`id_municipality`,`department_id`,`name`,`code`) VALUES (474,15,'Chía','25175');
INSERT IGNORE INTO `municipality` (`id_municipality`,`department_id`,`name`,`code`) VALUES (475,15,'Chipaque','25178');
INSERT IGNORE INTO `municipality` (`id_municipality`,`department_id`,`name`,`code`) VALUES (476,15,'Choachí','25181');
INSERT IGNORE INTO `municipality` (`id_municipality`,`department_id`,`name`,`code`) VALUES (477,15,'Chocontá','25183');
INSERT IGNORE INTO `municipality` (`id_municipality`,`department_id`,`name`,`code`) VALUES (478,15,'Cogua','25200');
INSERT IGNORE INTO `municipality` (`id_municipality`,`department_id`,`name`,`code`) VALUES (479,15,'Cota','25214');
INSERT IGNORE INTO `municipality` (`id_municipality`,`department_id`,`name`,`code`) VALUES (480,15,'Cucunubá','25224');
INSERT IGNORE INTO `municipality` (`id_municipality`,`department_id`,`name`,`code`) VALUES (481,15,'El Colegio ','25245');
INSERT IGNORE INTO `municipality` (`id_municipality`,`department_id`,`name`,`code`) VALUES (482,15,'El Peñón ','25258');
INSERT IGNORE INTO `municipality` (`id_municipality`,`department_id`,`name`,`code`) VALUES (483,15,'El Rosal ','25260');
INSERT IGNORE INTO `municipality` (`id_municipality`,`department_id`,`name`,`code`) VALUES (484,15,'Facatativá','25269');
INSERT IGNORE INTO `municipality` (`id_municipality`,`department_id`,`name`,`code`) VALUES (485,15,'Fómeque','25279');
INSERT IGNORE INTO `municipality` (`id_municipality`,`department_id`,`name`,`code`) VALUES (486,15,'Fosca','25281');
INSERT IGNORE INTO `municipality` (`id_municipality`,`department_id`,`name`,`code`) VALUES (487,15,'Funza','25286');
INSERT IGNORE INTO `municipality` (`id_municipality`,`department_id`,`name`,`code`) VALUES (488,15,'Fúquene','25288');
INSERT IGNORE INTO `municipality` (`id_municipality`,`department_id`,`name`,`code`) VALUES (489,15,'Fusagasugá','25290');
INSERT IGNORE INTO `municipality` (`id_municipality`,`department_id`,`name`,`code`) VALUES (490,15,'Gachalá','25293');
INSERT IGNORE INTO `municipality` (`id_municipality`,`department_id`,`name`,`code`) VALUES (491,15,'Gachancipá','25295');
INSERT IGNORE INTO `municipality` (`id_municipality`,`department_id`,`name`,`code`) VALUES (492,15,'Gachetá','25297');
INSERT IGNORE INTO `municipality` (`id_municipality`,`department_id`,`name`,`code`) VALUES (493,15,'Gama','25299');
INSERT IGNORE INTO `municipality` (`id_municipality`,`department_id`,`name`,`code`) VALUES (494,15,'Girardot','25307');
INSERT IGNORE INTO `municipality` (`id_municipality`,`department_id`,`name`,`code`) VALUES (495,15,'Granada','25312');
INSERT IGNORE INTO `municipality` (`id_municipality`,`department_id`,`name`,`code`) VALUES (496,15,'Guachetá','25317');
INSERT IGNORE INTO `municipality` (`id_municipality`,`department_id`,`name`,`code`) VALUES (497,15,'Guaduas','25320');
INSERT IGNORE INTO `municipality` (`id_municipality`,`department_id`,`name`,`code`) VALUES (498,15,'Guasca','25322');
INSERT IGNORE INTO `municipality` (`id_municipality`,`department_id`,`name`,`code`) VALUES (499,15,'Guataquí','25324');
INSERT IGNORE INTO `municipality` (`id_municipality`,`department_id`,`name`,`code`) VALUES (500,15,'Guatavita','25326');
INSERT IGNORE INTO `municipality` (`id_municipality`,`department_id`,`name`,`code`) VALUES (501,15,'Guayabal De Síquima','25328');
INSERT IGNORE INTO `municipality` (`id_municipality`,`department_id`,`name`,`code`) VALUES (502,15,'Guayabetal','25335');
INSERT IGNORE INTO `municipality` (`id_municipality`,`department_id`,`name`,`code`) VALUES (503,15,'Gutiérrez','25339');
INSERT IGNORE INTO `municipality` (`id_municipality`,`department_id`,`name`,`code`) VALUES (504,15,'Jerusalén','25368');
INSERT IGNORE INTO `municipality` (`id_municipality`,`department_id`,`name`,`code`) VALUES (505,15,'Junín','25372');
INSERT IGNORE INTO `municipality` (`id_municipality`,`department_id`,`name`,`code`) VALUES (506,15,'La Calera ','25377');
INSERT IGNORE INTO `municipality` (`id_municipality`,`department_id`,`name`,`code`) VALUES (507,15,'La Mesa ','25386');
INSERT IGNORE INTO `municipality` (`id_municipality`,`department_id`,`name`,`code`) VALUES (508,15,'La Palma ','25394');
INSERT IGNORE INTO `municipality` (`id_municipality`,`department_id`,`name`,`code`) VALUES (509,15,'La Peña ','25398');
INSERT IGNORE INTO `municipality` (`id_municipality`,`department_id`,`name`,`code`) VALUES (510,15,'La Vega ','25402');
INSERT IGNORE INTO `municipality` (`id_municipality`,`department_id`,`name`,`code`) VALUES (511,15,'Lenguazaque','25407');
INSERT IGNORE INTO `municipality` (`id_municipality`,`department_id`,`name`,`code`) VALUES (512,15,'Machetá','25426');
INSERT IGNORE INTO `municipality` (`id_municipality`,`department_id`,`name`,`code`) VALUES (513,15,'Madrid','25430');
INSERT IGNORE INTO `municipality` (`id_municipality`,`department_id`,`name`,`code`) VALUES (514,15,'Manta','25436');
INSERT IGNORE INTO `municipality` (`id_municipality`,`department_id`,`name`,`code`) VALUES (515,15,'Medina','25438');
INSERT IGNORE INTO `municipality` (`id_municipality`,`department_id`,`name`,`code`) VALUES (516,15,'Mosquera','25473');
INSERT IGNORE INTO `municipality` (`id_municipality`,`department_id`,`name`,`code`) VALUES (517,15,'Nariño','25483');
INSERT IGNORE INTO `municipality` (`id_municipality`,`department_id`,`name`,`code`) VALUES (518,15,'Nemocón','25486');
INSERT IGNORE INTO `municipality` (`id_municipality`,`department_id`,`name`,`code`) VALUES (519,15,'Nilo','25488');
INSERT IGNORE INTO `municipality` (`id_municipality`,`department_id`,`name`,`code`) VALUES (520,15,'Nimaima','25489');
INSERT IGNORE INTO `municipality` (`id_municipality`,`department_id`,`name`,`code`) VALUES (521,15,'Nocaima','25491');
INSERT IGNORE INTO `municipality` (`id_municipality`,`department_id`,`name`,`code`) VALUES (522,15,'Venecia','25506');
INSERT IGNORE INTO `municipality` (`id_municipality`,`department_id`,`name`,`code`) VALUES (523,15,'Pacho','25513');
INSERT IGNORE INTO `municipality` (`id_municipality`,`department_id`,`name`,`code`) VALUES (524,15,'Paime','25518');
INSERT IGNORE INTO `municipality` (`id_municipality`,`department_id`,`name`,`code`) VALUES (525,15,'Pandi','25524');
INSERT IGNORE INTO `municipality` (`id_municipality`,`department_id`,`name`,`code`) VALUES (526,15,'Paratebueno','25530');
INSERT IGNORE INTO `municipality` (`id_municipality`,`department_id`,`name`,`code`) VALUES (527,15,'Pasca','25535');
INSERT IGNORE INTO `municipality` (`id_municipality`,`department_id`,`name`,`code`) VALUES (528,15,'Puerto Salgar ','25572');
INSERT IGNORE INTO `municipality` (`id_municipality`,`department_id`,`name`,`code`) VALUES (529,15,'Pulí','25580');
INSERT IGNORE INTO `municipality` (`id_municipality`,`department_id`,`name`,`code`) VALUES (530,15,'Quebradanegra','25592');
INSERT IGNORE INTO `municipality` (`id_municipality`,`department_id`,`name`,`code`) VALUES (531,15,'Quetame','25594');
INSERT IGNORE INTO `municipality` (`id_municipality`,`department_id`,`name`,`code`) VALUES (532,15,'Quipile','25596');
INSERT IGNORE INTO `municipality` (`id_municipality`,`department_id`,`name`,`code`) VALUES (533,15,'Apulo','25599');
INSERT IGNORE INTO `municipality` (`id_municipality`,`department_id`,`name`,`code`) VALUES (534,15,'Ricaurte','25612');
INSERT IGNORE INTO `municipality` (`id_municipality`,`department_id`,`name`,`code`) VALUES (535,15,'San Antonio Del Tequendama','25645');
INSERT IGNORE INTO `municipality` (`id_municipality`,`department_id`,`name`,`code`) VALUES (536,15,'San Bernardo ','25649');
INSERT IGNORE INTO `municipality` (`id_municipality`,`department_id`,`name`,`code`) VALUES (537,15,'San Cayetano ','25653');
INSERT IGNORE INTO `municipality` (`id_municipality`,`department_id`,`name`,`code`) VALUES (538,15,'San Francisco ','25658');
INSERT IGNORE INTO `municipality` (`id_municipality`,`department_id`,`name`,`code`) VALUES (539,15,'San Juan De Rioseco','25662');
INSERT IGNORE INTO `municipality` (`id_municipality`,`department_id`,`name`,`code`) VALUES (540,15,'Sasaima','25718');
INSERT IGNORE INTO `municipality` (`id_municipality`,`department_id`,`name`,`code`) VALUES (541,15,'Sesquilé','25736');
INSERT IGNORE INTO `municipality` (`id_municipality`,`department_id`,`name`,`code`) VALUES (542,15,'Sibaté','25740');
INSERT IGNORE INTO `municipality` (`id_municipality`,`department_id`,`name`,`code`) VALUES (543,15,'Silvania','25743');
INSERT IGNORE INTO `municipality` (`id_municipality`,`department_id`,`name`,`code`) VALUES (544,15,'Simijaca','25745');
INSERT IGNORE INTO `municipality` (`id_municipality`,`department_id`,`name`,`code`) VALUES (545,15,'Soacha','25754');
INSERT IGNORE INTO `municipality` (`id_municipality`,`department_id`,`name`,`code`) VALUES (546,15,'Sopó','25758');
INSERT IGNORE INTO `municipality` (`id_municipality`,`department_id`,`name`,`code`) VALUES (547,15,'Subachoque','25769');
INSERT IGNORE INTO `municipality` (`id_municipality`,`department_id`,`name`,`code`) VALUES (548,15,'Suesca','25772');
INSERT IGNORE INTO `municipality` (`id_municipality`,`department_id`,`name`,`code`) VALUES (549,15,'Supatá','25777');
INSERT IGNORE INTO `municipality` (`id_municipality`,`department_id`,`name`,`code`) VALUES (550,15,'Susa','25779');
INSERT IGNORE INTO `municipality` (`id_municipality`,`department_id`,`name`,`code`) VALUES (551,15,'Sutatausa','25781');
INSERT IGNORE INTO `municipality` (`id_municipality`,`department_id`,`name`,`code`) VALUES (552,15,'Tabio','25785');
INSERT IGNORE INTO `municipality` (`id_municipality`,`department_id`,`name`,`code`) VALUES (553,15,'Tausa','25793');
INSERT IGNORE INTO `municipality` (`id_municipality`,`department_id`,`name`,`code`) VALUES (554,15,'Tena','25797');
INSERT IGNORE INTO `municipality` (`id_municipality`,`department_id`,`name`,`code`) VALUES (555,15,'Tenjo','25799');
INSERT IGNORE INTO `municipality` (`id_municipality`,`department_id`,`name`,`code`) VALUES (556,15,'Tibacuy','25805');
INSERT IGNORE INTO `municipality` (`id_municipality`,`department_id`,`name`,`code`) VALUES (557,15,'Tibirita','25807');
INSERT IGNORE INTO `municipality` (`id_municipality`,`department_id`,`name`,`code`) VALUES (558,15,'Tocaima','25815');
INSERT IGNORE INTO `municipality` (`id_municipality`,`department_id`,`name`,`code`) VALUES (559,15,'Tocancipá','25817');
INSERT IGNORE INTO `municipality` (`id_municipality`,`department_id`,`name`,`code`) VALUES (560,15,'Topaipí','25823');
INSERT IGNORE INTO `municipality` (`id_municipality`,`department_id`,`name`,`code`) VALUES (561,15,'Ubalá','25839');
INSERT IGNORE INTO `municipality` (`id_municipality`,`department_id`,`name`,`code`) VALUES (562,15,'Ubaque','25841');
INSERT IGNORE INTO `municipality` (`id_municipality`,`department_id`,`name`,`code`) VALUES (563,15,'Villa De San Diego De Ubaté','25843');
INSERT IGNORE INTO `municipality` (`id_municipality`,`department_id`,`name`,`code`) VALUES (564,15,'Une','25845');
INSERT IGNORE INTO `municipality` (`id_municipality`,`department_id`,`name`,`code`) VALUES (565,15,'Útica','25851');
INSERT IGNORE INTO `municipality` (`id_municipality`,`department_id`,`name`,`code`) VALUES (566,15,'Vergara','25862');
INSERT IGNORE INTO `municipality` (`id_municipality`,`department_id`,`name`,`code`) VALUES (567,15,'Vianí','25867');
INSERT IGNORE INTO `municipality` (`id_municipality`,`department_id`,`name`,`code`) VALUES (568,15,'Villagómez','25871');
INSERT IGNORE INTO `municipality` (`id_municipality`,`department_id`,`name`,`code`) VALUES (569,15,'Villapinzón','25873');
INSERT IGNORE INTO `municipality` (`id_municipality`,`department_id`,`name`,`code`) VALUES (570,15,'Villeta','25875');
INSERT IGNORE INTO `municipality` (`id_municipality`,`department_id`,`name`,`code`) VALUES (571,15,'Viotá','25878');
INSERT IGNORE INTO `municipality` (`id_municipality`,`department_id`,`name`,`code`) VALUES (572,15,'Yacopí','25885');
INSERT IGNORE INTO `municipality` (`id_municipality`,`department_id`,`name`,`code`) VALUES (573,15,'Zipacón','25898');
INSERT IGNORE INTO `municipality` (`id_municipality`,`department_id`,`name`,`code`) VALUES (574,15,'Zipaquirá','25899');
INSERT IGNORE INTO `municipality` (`id_municipality`,`department_id`,`name`,`code`) VALUES (575,13,'Quibdó','27001');
INSERT IGNORE INTO `municipality` (`id_municipality`,`department_id`,`name`,`code`) VALUES (576,13,'Acandí','27006');
INSERT IGNORE INTO `municipality` (`id_municipality`,`department_id`,`name`,`code`) VALUES (577,13,'Alto Baudó ','27025');
INSERT IGNORE INTO `municipality` (`id_municipality`,`department_id`,`name`,`code`) VALUES (578,13,'Atrato','27050');
INSERT IGNORE INTO `municipality` (`id_municipality`,`department_id`,`name`,`code`) VALUES (579,13,'Bagadó','27073');
INSERT IGNORE INTO `municipality` (`id_municipality`,`department_id`,`name`,`code`) VALUES (580,13,'Bahía Solano ','27075');
INSERT IGNORE INTO `municipality` (`id_municipality`,`department_id`,`name`,`code`) VALUES (581,13,'Bajo Baudó ','27077');
INSERT IGNORE INTO `municipality` (`id_municipality`,`department_id`,`name`,`code`) VALUES (582,13,'Bojayá','27099');
INSERT IGNORE INTO `municipality` (`id_municipality`,`department_id`,`name`,`code`) VALUES (583,13,'El Cantón Del San Pablo ','27135');
INSERT IGNORE INTO `municipality` (`id_municipality`,`department_id`,`name`,`code`) VALUES (584,13,'Carmen Del Darién','27150');
INSERT IGNORE INTO `municipality` (`id_municipality`,`department_id`,`name`,`code`) VALUES (585,13,'Cértegui','27160');
INSERT IGNORE INTO `municipality` (`id_municipality`,`department_id`,`name`,`code`) VALUES (586,13,'Condoto','27205');
INSERT IGNORE INTO `municipality` (`id_municipality`,`department_id`,`name`,`code`) VALUES (587,13,'El Carmen De Atrato','27245');
INSERT IGNORE INTO `municipality` (`id_municipality`,`department_id`,`name`,`code`) VALUES (588,13,'El Litoral Del San Juan ','27250');
INSERT IGNORE INTO `municipality` (`id_municipality`,`department_id`,`name`,`code`) VALUES (589,13,'Istmina','27361');
INSERT IGNORE INTO `municipality` (`id_municipality`,`department_id`,`name`,`code`) VALUES (590,13,'Juradó','27372');
INSERT IGNORE INTO `municipality` (`id_municipality`,`department_id`,`name`,`code`) VALUES (591,13,'Lloró','27413');
INSERT IGNORE INTO `municipality` (`id_municipality`,`department_id`,`name`,`code`) VALUES (592,13,'Medio Atrato ','27425');
INSERT IGNORE INTO `municipality` (`id_municipality`,`department_id`,`name`,`code`) VALUES (593,13,'Medio Baudó ','27430');
INSERT IGNORE INTO `municipality` (`id_municipality`,`department_id`,`name`,`code`) VALUES (594,13,'Medio San Juan','27450');
INSERT IGNORE INTO `municipality` (`id_municipality`,`department_id`,`name`,`code`) VALUES (595,13,'Nóvita','27491');
INSERT IGNORE INTO `municipality` (`id_municipality`,`department_id`,`name`,`code`) VALUES (596,13,'Nuquí','27495');
INSERT IGNORE INTO `municipality` (`id_municipality`,`department_id`,`name`,`code`) VALUES (597,13,'Río Iró ','27580');
INSERT IGNORE INTO `municipality` (`id_municipality`,`department_id`,`name`,`code`) VALUES (598,13,'Río Quito ','27600');
INSERT IGNORE INTO `municipality` (`id_municipality`,`department_id`,`name`,`code`) VALUES (599,13,'Riosucio','27615');
INSERT IGNORE INTO `municipality` (`id_municipality`,`department_id`,`name`,`code`) VALUES (600,13,'San José Del Palmar','27660');
INSERT IGNORE INTO `municipality` (`id_municipality`,`department_id`,`name`,`code`) VALUES (601,13,'Sipí','27745');
INSERT IGNORE INTO `municipality` (`id_municipality`,`department_id`,`name`,`code`) VALUES (602,13,'Tadó','27787');
INSERT IGNORE INTO `municipality` (`id_municipality`,`department_id`,`name`,`code`) VALUES (603,13,'Unguía','27800');
INSERT IGNORE INTO `municipality` (`id_municipality`,`department_id`,`name`,`code`) VALUES (604,13,'Unión Panamericana ','27810');
INSERT IGNORE INTO `municipality` (`id_municipality`,`department_id`,`name`,`code`) VALUES (605,18,'Neiva','41001');
INSERT IGNORE INTO `municipality` (`id_municipality`,`department_id`,`name`,`code`) VALUES (606,18,'Acevedo','41006');
INSERT IGNORE INTO `municipality` (`id_municipality`,`department_id`,`name`,`code`) VALUES (607,18,'Agrado','41013');
INSERT IGNORE INTO `municipality` (`id_municipality`,`department_id`,`name`,`code`) VALUES (608,18,'Aipe','41016');
INSERT IGNORE INTO `municipality` (`id_municipality`,`department_id`,`name`,`code`) VALUES (609,18,'Algeciras','41020');
INSERT IGNORE INTO `municipality` (`id_municipality`,`department_id`,`name`,`code`) VALUES (610,18,'Altamira','41026');
INSERT IGNORE INTO `municipality` (`id_municipality`,`department_id`,`name`,`code`) VALUES (611,18,'Baraya','41078');
INSERT IGNORE INTO `municipality` (`id_municipality`,`department_id`,`name`,`code`) VALUES (612,18,'Campoalegre','41132');
INSERT IGNORE INTO `municipality` (`id_municipality`,`department_id`,`name`,`code`) VALUES (613,18,'Colombia','41206');
INSERT IGNORE INTO `municipality` (`id_municipality`,`department_id`,`name`,`code`) VALUES (614,18,'Elías','41244');
INSERT IGNORE INTO `municipality` (`id_municipality`,`department_id`,`name`,`code`) VALUES (615,18,'Garzón','41298');
INSERT IGNORE INTO `municipality` (`id_municipality`,`department_id`,`name`,`code`) VALUES (616,18,'Gigante','41306');
INSERT IGNORE INTO `municipality` (`id_municipality`,`department_id`,`name`,`code`) VALUES (617,18,'Guadalupe','41319');
INSERT IGNORE INTO `municipality` (`id_municipality`,`department_id`,`name`,`code`) VALUES (618,18,'Hobo','41349');
INSERT IGNORE INTO `municipality` (`id_municipality`,`department_id`,`name`,`code`) VALUES (619,18,'Íquira','41357');
INSERT IGNORE INTO `municipality` (`id_municipality`,`department_id`,`name`,`code`) VALUES (620,18,'Isnos','41359');
INSERT IGNORE INTO `municipality` (`id_municipality`,`department_id`,`name`,`code`) VALUES (621,18,'La Argentina ','41378');
INSERT IGNORE INTO `municipality` (`id_municipality`,`department_id`,`name`,`code`) VALUES (622,18,'La Plata ','41396');
INSERT IGNORE INTO `municipality` (`id_municipality`,`department_id`,`name`,`code`) VALUES (623,18,'Nátaga','41483');
INSERT IGNORE INTO `municipality` (`id_municipality`,`department_id`,`name`,`code`) VALUES (624,18,'Oporapa','41503');
INSERT IGNORE INTO `municipality` (`id_municipality`,`department_id`,`name`,`code`) VALUES (625,18,'Paicol','41518');
INSERT IGNORE INTO `municipality` (`id_municipality`,`department_id`,`name`,`code`) VALUES (626,18,'Palermo','41524');
INSERT IGNORE INTO `municipality` (`id_municipality`,`department_id`,`name`,`code`) VALUES (627,18,'Palestina','41530');
INSERT IGNORE INTO `municipality` (`id_municipality`,`department_id`,`name`,`code`) VALUES (628,18,'Pital','41548');
INSERT IGNORE INTO `municipality` (`id_municipality`,`department_id`,`name`,`code`) VALUES (629,18,'Pitalito','41551');
INSERT IGNORE INTO `municipality` (`id_municipality`,`department_id`,`name`,`code`) VALUES (630,18,'Rivera','41615');
INSERT IGNORE INTO `municipality` (`id_municipality`,`department_id`,`name`,`code`) VALUES (631,18,'Saladoblanco','41660');
INSERT IGNORE INTO `municipality` (`id_municipality`,`department_id`,`name`,`code`) VALUES (632,18,'San Agustín ','41668');
INSERT IGNORE INTO `municipality` (`id_municipality`,`department_id`,`name`,`code`) VALUES (633,18,'Santa María ','41676');
INSERT IGNORE INTO `municipality` (`id_municipality`,`department_id`,`name`,`code`) VALUES (634,18,'Suaza','41770');
INSERT IGNORE INTO `municipality` (`id_municipality`,`department_id`,`name`,`code`) VALUES (635,18,'Tarqui','41791');
INSERT IGNORE INTO `municipality` (`id_municipality`,`department_id`,`name`,`code`) VALUES (636,18,'Tesalia','41797');
INSERT IGNORE INTO `municipality` (`id_municipality`,`department_id`,`name`,`code`) VALUES (637,18,'Tello','41799');
INSERT IGNORE INTO `municipality` (`id_municipality`,`department_id`,`name`,`code`) VALUES (638,18,'Teruel','41801');
INSERT IGNORE INTO `municipality` (`id_municipality`,`department_id`,`name`,`code`) VALUES (639,18,'Timaná','41807');
INSERT IGNORE INTO `municipality` (`id_municipality`,`department_id`,`name`,`code`) VALUES (640,18,'Villavieja','41872');
INSERT IGNORE INTO `municipality` (`id_municipality`,`department_id`,`name`,`code`) VALUES (641,18,'Yaguará','41885');
INSERT IGNORE INTO `municipality` (`id_municipality`,`department_id`,`name`,`code`) VALUES (642,19,'Riohacha','44001');
INSERT IGNORE INTO `municipality` (`id_municipality`,`department_id`,`name`,`code`) VALUES (643,19,'Albania','44035');
INSERT IGNORE INTO `municipality` (`id_municipality`,`department_id`,`name`,`code`) VALUES (644,19,'Barrancas','44078');
INSERT IGNORE INTO `municipality` (`id_municipality`,`department_id`,`name`,`code`) VALUES (645,19,'Dibulla','44090');
INSERT IGNORE INTO `municipality` (`id_municipality`,`department_id`,`name`,`code`) VALUES (646,19,'Distracción','44098');
INSERT IGNORE INTO `municipality` (`id_municipality`,`department_id`,`name`,`code`) VALUES (647,19,'El Molino ','44110');
INSERT IGNORE INTO `municipality` (`id_municipality`,`department_id`,`name`,`code`) VALUES (648,19,'Fonseca','44279');
INSERT IGNORE INTO `municipality` (`id_municipality`,`department_id`,`name`,`code`) VALUES (649,19,'Hatonuevo','44378');
INSERT IGNORE INTO `municipality` (`id_municipality`,`department_id`,`name`,`code`) VALUES (650,19,'La Jagua Del Pilar','44420');
INSERT IGNORE INTO `municipality` (`id_municipality`,`department_id`,`name`,`code`) VALUES (651,19,'Maicao','44430');
INSERT IGNORE INTO `municipality` (`id_municipality`,`department_id`,`name`,`code`) VALUES (652,19,'Manaure','44560');
INSERT IGNORE INTO `municipality` (`id_municipality`,`department_id`,`name`,`code`) VALUES (653,19,'San Juan Del Cesar','44650');
INSERT IGNORE INTO `municipality` (`id_municipality`,`department_id`,`name`,`code`) VALUES (654,19,'Uribia','44847');
INSERT IGNORE INTO `municipality` (`id_municipality`,`department_id`,`name`,`code`) VALUES (655,19,'Urumita','44855');
INSERT IGNORE INTO `municipality` (`id_municipality`,`department_id`,`name`,`code`) VALUES (656,19,'Villanueva','44874');
INSERT IGNORE INTO `municipality` (`id_municipality`,`department_id`,`name`,`code`) VALUES (657,20,'Santa Marta ','47001');
INSERT IGNORE INTO `municipality` (`id_municipality`,`department_id`,`name`,`code`) VALUES (658,20,'Algarrobo','47030');
INSERT IGNORE INTO `municipality` (`id_municipality`,`department_id`,`name`,`code`) VALUES (659,20,'Aracataca','47053');
INSERT IGNORE INTO `municipality` (`id_municipality`,`department_id`,`name`,`code`) VALUES (660,20,'Ariguaní','47058');
INSERT IGNORE INTO `municipality` (`id_municipality`,`department_id`,`name`,`code`) VALUES (661,20,'Cerro De San Antonio','47161');
INSERT IGNORE INTO `municipality` (`id_municipality`,`department_id`,`name`,`code`) VALUES (662,20,'Chivolo','47170');
INSERT IGNORE INTO `municipality` (`id_municipality`,`department_id`,`name`,`code`) VALUES (663,20,'Ciénaga','47189');
INSERT IGNORE INTO `municipality` (`id_municipality`,`department_id`,`name`,`code`) VALUES (664,20,'Concordia','47205');
INSERT IGNORE INTO `municipality` (`id_municipality`,`department_id`,`name`,`code`) VALUES (665,20,'El Banco ','47245');
INSERT IGNORE INTO `municipality` (`id_municipality`,`department_id`,`name`,`code`) VALUES (666,20,'El Piñón ','47258');
INSERT IGNORE INTO `municipality` (`id_municipality`,`department_id`,`name`,`code`) VALUES (667,20,'El Retén ','47268');
INSERT IGNORE INTO `municipality` (`id_municipality`,`department_id`,`name`,`code`) VALUES (668,20,'Fundación','47288');
INSERT IGNORE INTO `municipality` (`id_municipality`,`department_id`,`name`,`code`) VALUES (669,20,'Guamal','47318');
INSERT IGNORE INTO `municipality` (`id_municipality`,`department_id`,`name`,`code`) VALUES (670,20,'Nueva Granada ','47460');
INSERT IGNORE INTO `municipality` (`id_municipality`,`department_id`,`name`,`code`) VALUES (671,20,'Pedraza','47541');
INSERT IGNORE INTO `municipality` (`id_municipality`,`department_id`,`name`,`code`) VALUES (672,20,'Pijiño Del Carmen','47545');
INSERT IGNORE INTO `municipality` (`id_municipality`,`department_id`,`name`,`code`) VALUES (673,20,'Pivijay','47551');
INSERT IGNORE INTO `municipality` (`id_municipality`,`department_id`,`name`,`code`) VALUES (674,20,'Plato','47555');
INSERT IGNORE INTO `municipality` (`id_municipality`,`department_id`,`name`,`code`) VALUES (675,20,'Puebloviejo','47570');
INSERT IGNORE INTO `municipality` (`id_municipality`,`department_id`,`name`,`code`) VALUES (676,20,'Remolino','47605');
INSERT IGNORE INTO `municipality` (`id_municipality`,`department_id`,`name`,`code`) VALUES (677,20,'Sabanas De San Ángel','47660');
INSERT IGNORE INTO `municipality` (`id_municipality`,`department_id`,`name`,`code`) VALUES (678,20,'Salamina','47675');
INSERT IGNORE INTO `municipality` (`id_municipality`,`department_id`,`name`,`code`) VALUES (679,20,'San Sebastián De Buenavista','47692');
INSERT IGNORE INTO `municipality` (`id_municipality`,`department_id`,`name`,`code`) VALUES (680,20,'San Zenón ','47703');
INSERT IGNORE INTO `municipality` (`id_municipality`,`department_id`,`name`,`code`) VALUES (681,20,'Santa Ana ','47707');
INSERT IGNORE INTO `municipality` (`id_municipality`,`department_id`,`name`,`code`) VALUES (682,20,'Santa Bárbara De Pinto','47720');
INSERT IGNORE INTO `municipality` (`id_municipality`,`department_id`,`name`,`code`) VALUES (683,20,'Sitionuevo','47745');
INSERT IGNORE INTO `municipality` (`id_municipality`,`department_id`,`name`,`code`) VALUES (684,20,'Tenerife','47798');
INSERT IGNORE INTO `municipality` (`id_municipality`,`department_id`,`name`,`code`) VALUES (685,20,'Zapayán','47960');
INSERT IGNORE INTO `municipality` (`id_municipality`,`department_id`,`name`,`code`) VALUES (686,20,'Zona Bananera ','47980');
INSERT IGNORE INTO `municipality` (`id_municipality`,`department_id`,`name`,`code`) VALUES (687,21,'Villavicencio','50001');
INSERT IGNORE INTO `municipality` (`id_municipality`,`department_id`,`name`,`code`) VALUES (688,21,'Acacías','50006');
INSERT IGNORE INTO `municipality` (`id_municipality`,`department_id`,`name`,`code`) VALUES (689,21,'Barranca De Upía','50110');
INSERT IGNORE INTO `municipality` (`id_municipality`,`department_id`,`name`,`code`) VALUES (690,21,'Cabuyaro','50124');
INSERT IGNORE INTO `municipality` (`id_municipality`,`department_id`,`name`,`code`) VALUES (691,21,'Castilla La Nueva','50150');
INSERT IGNORE INTO `municipality` (`id_municipality`,`department_id`,`name`,`code`) VALUES (692,21,'Cubarral','50223');
INSERT IGNORE INTO `municipality` (`id_municipality`,`department_id`,`name`,`code`) VALUES (693,21,'Cumaral','50226');
INSERT IGNORE INTO `municipality` (`id_municipality`,`department_id`,`name`,`code`) VALUES (694,21,'El Calvario ','50245');
INSERT IGNORE INTO `municipality` (`id_municipality`,`department_id`,`name`,`code`) VALUES (695,21,'El Castillo ','50251');
INSERT IGNORE INTO `municipality` (`id_municipality`,`department_id`,`name`,`code`) VALUES (696,21,'El Dorado ','50270');
INSERT IGNORE INTO `municipality` (`id_municipality`,`department_id`,`name`,`code`) VALUES (697,21,'Fuente De Oro','50287');
INSERT IGNORE INTO `municipality` (`id_municipality`,`department_id`,`name`,`code`) VALUES (698,21,'Granada','50313');
INSERT IGNORE INTO `municipality` (`id_municipality`,`department_id`,`name`,`code`) VALUES (699,21,'Guamal','50318');
INSERT IGNORE INTO `municipality` (`id_municipality`,`department_id`,`name`,`code`) VALUES (700,21,'Mapiripán','50325');
INSERT IGNORE INTO `municipality` (`id_municipality`,`department_id`,`name`,`code`) VALUES (701,21,'Mesetas','50330');
INSERT IGNORE INTO `municipality` (`id_municipality`,`department_id`,`name`,`code`) VALUES (702,21,'La Macarena ','50350');
INSERT IGNORE INTO `municipality` (`id_municipality`,`department_id`,`name`,`code`) VALUES (703,21,'Uribe','50370');
INSERT IGNORE INTO `municipality` (`id_municipality`,`department_id`,`name`,`code`) VALUES (704,21,'Lejanías','50400');
INSERT IGNORE INTO `municipality` (`id_municipality`,`department_id`,`name`,`code`) VALUES (705,21,'Puerto Concordia ','50450');
INSERT IGNORE INTO `municipality` (`id_municipality`,`department_id`,`name`,`code`) VALUES (706,21,'Puerto Gaitán ','50568');
INSERT IGNORE INTO `municipality` (`id_municipality`,`department_id`,`name`,`code`) VALUES (707,21,'Puerto López ','50573');
INSERT IGNORE INTO `municipality` (`id_municipality`,`department_id`,`name`,`code`) VALUES (708,21,'Puerto Lleras ','50577');
INSERT IGNORE INTO `municipality` (`id_municipality`,`department_id`,`name`,`code`) VALUES (709,21,'Puerto Rico ','50590');
INSERT IGNORE INTO `municipality` (`id_municipality`,`department_id`,`name`,`code`) VALUES (710,21,'Restrepo','50606');
INSERT IGNORE INTO `municipality` (`id_municipality`,`department_id`,`name`,`code`) VALUES (711,21,'San Carlos De Guaroa','50680');
INSERT IGNORE INTO `municipality` (`id_municipality`,`department_id`,`name`,`code`) VALUES (712,21,'San Juan De Arama','50683');
INSERT IGNORE INTO `municipality` (`id_municipality`,`department_id`,`name`,`code`) VALUES (713,21,'San Juanito ','50686');
INSERT IGNORE INTO `municipality` (`id_municipality`,`department_id`,`name`,`code`) VALUES (714,21,'San Martín ','50689');
INSERT IGNORE INTO `municipality` (`id_municipality`,`department_id`,`name`,`code`) VALUES (715,21,'Vistahermosa','50711');
INSERT IGNORE INTO `municipality` (`id_municipality`,`department_id`,`name`,`code`) VALUES (716,22,'Pasto','52001');
INSERT IGNORE INTO `municipality` (`id_municipality`,`department_id`,`name`,`code`) VALUES (717,22,'Albán','52019');
INSERT IGNORE INTO `municipality` (`id_municipality`,`department_id`,`name`,`code`) VALUES (718,22,'Aldana','52022');
INSERT IGNORE INTO `municipality` (`id_municipality`,`department_id`,`name`,`code`) VALUES (719,22,'Ancuyá','52036');
INSERT IGNORE INTO `municipality` (`id_municipality`,`department_id`,`name`,`code`) VALUES (720,22,'Arboleda','52051');
INSERT IGNORE INTO `municipality` (`id_municipality`,`department_id`,`name`,`code`) VALUES (721,22,'Barbacoas','52079');
INSERT IGNORE INTO `municipality` (`id_municipality`,`department_id`,`name`,`code`) VALUES (722,22,'Belén','52083');
INSERT IGNORE INTO `municipality` (`id_municipality`,`department_id`,`name`,`code`) VALUES (723,22,'Buesaco','52110');
INSERT IGNORE INTO `municipality` (`id_municipality`,`department_id`,`name`,`code`) VALUES (724,22,'Colón','52203');
INSERT IGNORE INTO `municipality` (`id_municipality`,`department_id`,`name`,`code`) VALUES (725,22,'Consacá','52207');
INSERT IGNORE INTO `municipality` (`id_municipality`,`department_id`,`name`,`code`) VALUES (726,22,'Contadero','52210');
INSERT IGNORE INTO `municipality` (`id_municipality`,`department_id`,`name`,`code`) VALUES (727,22,'Córdoba','52215');
INSERT IGNORE INTO `municipality` (`id_municipality`,`department_id`,`name`,`code`) VALUES (728,22,'Cuaspúd','52224');
INSERT IGNORE INTO `municipality` (`id_municipality`,`department_id`,`name`,`code`) VALUES (729,22,'Cumbal','52227');
INSERT IGNORE INTO `municipality` (`id_municipality`,`department_id`,`name`,`code`) VALUES (730,22,'Cumbitara','52233');
INSERT IGNORE INTO `municipality` (`id_municipality`,`department_id`,`name`,`code`) VALUES (731,22,'Chachagüí','52240');
INSERT IGNORE INTO `municipality` (`id_municipality`,`department_id`,`name`,`code`) VALUES (732,22,'El Charco ','52250');
INSERT IGNORE INTO `municipality` (`id_municipality`,`department_id`,`name`,`code`) VALUES (733,22,'El Peñol ','52254');
INSERT IGNORE INTO `municipality` (`id_municipality`,`department_id`,`name`,`code`) VALUES (734,22,'El Rosario ','52256');
INSERT IGNORE INTO `municipality` (`id_municipality`,`department_id`,`name`,`code`) VALUES (735,22,'El Tablón De Gómez','52258');
INSERT IGNORE INTO `municipality` (`id_municipality`,`department_id`,`name`,`code`) VALUES (736,22,'El Tambo ','52260');
INSERT IGNORE INTO `municipality` (`id_municipality`,`department_id`,`name`,`code`) VALUES (737,22,'Funes','52287');
INSERT IGNORE INTO `municipality` (`id_municipality`,`department_id`,`name`,`code`) VALUES (738,22,'Guachucal','52317');
INSERT IGNORE INTO `municipality` (`id_municipality`,`department_id`,`name`,`code`) VALUES (739,22,'Guaitarilla','52320');
INSERT IGNORE INTO `municipality` (`id_municipality`,`department_id`,`name`,`code`) VALUES (740,22,'Gualmatán','52323');
INSERT IGNORE INTO `municipality` (`id_municipality`,`department_id`,`name`,`code`) VALUES (741,22,'Iles','52352');
INSERT IGNORE INTO `municipality` (`id_municipality`,`department_id`,`name`,`code`) VALUES (742,22,'Imués','52354');
INSERT IGNORE INTO `municipality` (`id_municipality`,`department_id`,`name`,`code`) VALUES (743,22,'Ipiales','52356');
INSERT IGNORE INTO `municipality` (`id_municipality`,`department_id`,`name`,`code`) VALUES (744,22,'La Cruz ','52378');
INSERT IGNORE INTO `municipality` (`id_municipality`,`department_id`,`name`,`code`) VALUES (745,22,'La Florida ','52381');
INSERT IGNORE INTO `municipality` (`id_municipality`,`department_id`,`name`,`code`) VALUES (746,22,'La Llanada ','52385');
INSERT IGNORE INTO `municipality` (`id_municipality`,`department_id`,`name`,`code`) VALUES (747,22,'La Tola ','52390');
INSERT IGNORE INTO `municipality` (`id_municipality`,`department_id`,`name`,`code`) VALUES (748,22,'La Unión ','52399');
INSERT IGNORE INTO `municipality` (`id_municipality`,`department_id`,`name`,`code`) VALUES (749,22,'Leiva','52405');
INSERT IGNORE INTO `municipality` (`id_municipality`,`department_id`,`name`,`code`) VALUES (750,22,'Linares','52411');
INSERT IGNORE INTO `municipality` (`id_municipality`,`department_id`,`name`,`code`) VALUES (751,22,'Los Andes ','52418');
INSERT IGNORE INTO `municipality` (`id_municipality`,`department_id`,`name`,`code`) VALUES (752,22,'Magüí','52427');
INSERT IGNORE INTO `municipality` (`id_municipality`,`department_id`,`name`,`code`) VALUES (753,22,'Mallama','52435');
INSERT IGNORE INTO `municipality` (`id_municipality`,`department_id`,`name`,`code`) VALUES (754,22,'Mosquera','52473');
INSERT IGNORE INTO `municipality` (`id_municipality`,`department_id`,`name`,`code`) VALUES (755,22,'Nariño','52480');
INSERT IGNORE INTO `municipality` (`id_municipality`,`department_id`,`name`,`code`) VALUES (756,22,'Olaya Herrera ','52490');
INSERT IGNORE INTO `municipality` (`id_municipality`,`department_id`,`name`,`code`) VALUES (757,22,'Ospina','52506');
INSERT IGNORE INTO `municipality` (`id_municipality`,`department_id`,`name`,`code`) VALUES (758,22,'Francisco Pizarro ','52520');
INSERT IGNORE INTO `municipality` (`id_municipality`,`department_id`,`name`,`code`) VALUES (759,22,'Policarpa','52540');
INSERT IGNORE INTO `municipality` (`id_municipality`,`department_id`,`name`,`code`) VALUES (760,22,'Potosí','52560');
INSERT IGNORE INTO `municipality` (`id_municipality`,`department_id`,`name`,`code`) VALUES (761,22,'Providencia','52565');
INSERT IGNORE INTO `municipality` (`id_municipality`,`department_id`,`name`,`code`) VALUES (762,22,'Puerres','52573');
INSERT IGNORE INTO `municipality` (`id_municipality`,`department_id`,`name`,`code`) VALUES (763,22,'Pupiales','52585');
INSERT IGNORE INTO `municipality` (`id_municipality`,`department_id`,`name`,`code`) VALUES (764,22,'Ricaurte','52612');
INSERT IGNORE INTO `municipality` (`id_municipality`,`department_id`,`name`,`code`) VALUES (765,22,'Roberto Payán ','52621');
INSERT IGNORE INTO `municipality` (`id_municipality`,`department_id`,`name`,`code`) VALUES (766,22,'Samaniego','52678');
INSERT IGNORE INTO `municipality` (`id_municipality`,`department_id`,`name`,`code`) VALUES (767,22,'Sandoná','52683');
INSERT IGNORE INTO `municipality` (`id_municipality`,`department_id`,`name`,`code`) VALUES (768,22,'San Bernardo ','52685');
INSERT IGNORE INTO `municipality` (`id_municipality`,`department_id`,`name`,`code`) VALUES (769,22,'San Lorenzo ','52687');
INSERT IGNORE INTO `municipality` (`id_municipality`,`department_id`,`name`,`code`) VALUES (770,22,'San Pablo ','52693');
INSERT IGNORE INTO `municipality` (`id_municipality`,`department_id`,`name`,`code`) VALUES (771,22,'San Pedro De Cartago','52694');
INSERT IGNORE INTO `municipality` (`id_municipality`,`department_id`,`name`,`code`) VALUES (772,22,'Santa Bárbara ','52696');
INSERT IGNORE INTO `municipality` (`id_municipality`,`department_id`,`name`,`code`) VALUES (773,22,'Santacruz','52699');
INSERT IGNORE INTO `municipality` (`id_municipality`,`department_id`,`name`,`code`) VALUES (774,22,'Sapuyes','52720');
INSERT IGNORE INTO `municipality` (`id_municipality`,`department_id`,`name`,`code`) VALUES (775,22,'Taminango','52786');
INSERT IGNORE INTO `municipality` (`id_municipality`,`department_id`,`name`,`code`) VALUES (776,22,'Tangua','52788');
INSERT IGNORE INTO `municipality` (`id_municipality`,`department_id`,`name`,`code`) VALUES (777,22,'San Andrés De Tumaco','52835');
INSERT IGNORE INTO `municipality` (`id_municipality`,`department_id`,`name`,`code`) VALUES (778,22,'Túquerres','52838');
INSERT IGNORE INTO `municipality` (`id_municipality`,`department_id`,`name`,`code`) VALUES (779,22,'Yacuanquer','52885');
INSERT IGNORE INTO `municipality` (`id_municipality`,`department_id`,`name`,`code`) VALUES (780,23,'San José De Cúcuta','54001');
INSERT IGNORE INTO `municipality` (`id_municipality`,`department_id`,`name`,`code`) VALUES (781,23,'Ábrego','54003');
INSERT IGNORE INTO `municipality` (`id_municipality`,`department_id`,`name`,`code`) VALUES (782,23,'Arboledas','54051');
INSERT IGNORE INTO `municipality` (`id_municipality`,`department_id`,`name`,`code`) VALUES (783,23,'Bochalema','54099');
INSERT IGNORE INTO `municipality` (`id_municipality`,`department_id`,`name`,`code`) VALUES (784,23,'Bucarasica','54109');
INSERT IGNORE INTO `municipality` (`id_municipality`,`department_id`,`name`,`code`) VALUES (785,23,'Cácota','54125');
INSERT IGNORE INTO `municipality` (`id_municipality`,`department_id`,`name`,`code`) VALUES (786,23,'Cáchira','54128');
INSERT IGNORE INTO `municipality` (`id_municipality`,`department_id`,`name`,`code`) VALUES (787,23,'Chinácota','54172');
INSERT IGNORE INTO `municipality` (`id_municipality`,`department_id`,`name`,`code`) VALUES (788,23,'Chitagá','54174');
INSERT IGNORE INTO `municipality` (`id_municipality`,`department_id`,`name`,`code`) VALUES (789,23,'Convención','54206');
INSERT IGNORE INTO `municipality` (`id_municipality`,`department_id`,`name`,`code`) VALUES (790,23,'Cucutilla','54223');
INSERT IGNORE INTO `municipality` (`id_municipality`,`department_id`,`name`,`code`) VALUES (791,23,'Durania','54239');
INSERT IGNORE INTO `municipality` (`id_municipality`,`department_id`,`name`,`code`) VALUES (792,23,'El Carmen ','54245');
INSERT IGNORE INTO `municipality` (`id_municipality`,`department_id`,`name`,`code`) VALUES (793,23,'El Tarra ','54250');
INSERT IGNORE INTO `municipality` (`id_municipality`,`department_id`,`name`,`code`) VALUES (794,23,'El Zulia ','54261');
INSERT IGNORE INTO `municipality` (`id_municipality`,`department_id`,`name`,`code`) VALUES (795,23,'Gramalote','54313');
INSERT IGNORE INTO `municipality` (`id_municipality`,`department_id`,`name`,`code`) VALUES (796,23,'Hacarí','54344');
INSERT IGNORE INTO `municipality` (`id_municipality`,`department_id`,`name`,`code`) VALUES (797,23,'Herrán','54347');
INSERT IGNORE INTO `municipality` (`id_municipality`,`department_id`,`name`,`code`) VALUES (798,23,'Labateca','54377');
INSERT IGNORE INTO `municipality` (`id_municipality`,`department_id`,`name`,`code`) VALUES (799,23,'La Esperanza ','54385');
INSERT IGNORE INTO `municipality` (`id_municipality`,`department_id`,`name`,`code`) VALUES (800,23,'La Playa ','54398');
INSERT IGNORE INTO `municipality` (`id_municipality`,`department_id`,`name`,`code`) VALUES (801,23,'Los Patios ','54405');
INSERT IGNORE INTO `municipality` (`id_municipality`,`department_id`,`name`,`code`) VALUES (802,23,'Lourdes','54418');
INSERT IGNORE INTO `municipality` (`id_municipality`,`department_id`,`name`,`code`) VALUES (803,23,'Mutiscua','54480');
INSERT IGNORE INTO `municipality` (`id_municipality`,`department_id`,`name`,`code`) VALUES (804,23,'Ocaña','54498');
INSERT IGNORE INTO `municipality` (`id_municipality`,`department_id`,`name`,`code`) VALUES (805,23,'Pamplona','54518');
INSERT IGNORE INTO `municipality` (`id_municipality`,`department_id`,`name`,`code`) VALUES (806,23,'Pamplonita','54520');
INSERT IGNORE INTO `municipality` (`id_municipality`,`department_id`,`name`,`code`) VALUES (807,23,'Puerto Santander ','54553');
INSERT IGNORE INTO `municipality` (`id_municipality`,`department_id`,`name`,`code`) VALUES (808,23,'Ragonvalia','54599');
INSERT IGNORE INTO `municipality` (`id_municipality`,`department_id`,`name`,`code`) VALUES (809,23,'Salazar','54660');
INSERT IGNORE INTO `municipality` (`id_municipality`,`department_id`,`name`,`code`) VALUES (810,23,'San Calixto ','54670');
INSERT IGNORE INTO `municipality` (`id_municipality`,`department_id`,`name`,`code`) VALUES (811,23,'San Cayetano ','54673');
INSERT IGNORE INTO `municipality` (`id_municipality`,`department_id`,`name`,`code`) VALUES (812,23,'Santiago','54680');
INSERT IGNORE INTO `municipality` (`id_municipality`,`department_id`,`name`,`code`) VALUES (813,23,'Sardinata','54720');
INSERT IGNORE INTO `municipality` (`id_municipality`,`department_id`,`name`,`code`) VALUES (814,23,'Silos','54743');
INSERT IGNORE INTO `municipality` (`id_municipality`,`department_id`,`name`,`code`) VALUES (815,23,'Teorama','54800');
INSERT IGNORE INTO `municipality` (`id_municipality`,`department_id`,`name`,`code`) VALUES (816,23,'Tibú','54810');
INSERT IGNORE INTO `municipality` (`id_municipality`,`department_id`,`name`,`code`) VALUES (817,23,'Toledo','54820');
INSERT IGNORE INTO `municipality` (`id_municipality`,`department_id`,`name`,`code`) VALUES (818,23,'Villa Caro ','54871');
INSERT IGNORE INTO `municipality` (`id_municipality`,`department_id`,`name`,`code`) VALUES (819,23,'Villa Del Rosario','54874');
INSERT IGNORE INTO `municipality` (`id_municipality`,`department_id`,`name`,`code`) VALUES (820,25,'Armenia','63001');
INSERT IGNORE INTO `municipality` (`id_municipality`,`department_id`,`name`,`code`) VALUES (821,25,'Buenavista','63111');
INSERT IGNORE INTO `municipality` (`id_municipality`,`department_id`,`name`,`code`) VALUES (822,25,'Calarcá','63130');
INSERT IGNORE INTO `municipality` (`id_municipality`,`department_id`,`name`,`code`) VALUES (823,25,'Circasia','63190');
INSERT IGNORE INTO `municipality` (`id_municipality`,`department_id`,`name`,`code`) VALUES (824,25,'Córdoba','63212');
INSERT IGNORE INTO `municipality` (`id_municipality`,`department_id`,`name`,`code`) VALUES (825,25,'Filandia','63272');
INSERT IGNORE INTO `municipality` (`id_municipality`,`department_id`,`name`,`code`) VALUES (826,25,'Génova','63302');
INSERT IGNORE INTO `municipality` (`id_municipality`,`department_id`,`name`,`code`) VALUES (827,25,'La Tebaida ','63401');
INSERT IGNORE INTO `municipality` (`id_municipality`,`department_id`,`name`,`code`) VALUES (828,25,'Montenegro','63470');
INSERT IGNORE INTO `municipality` (`id_municipality`,`department_id`,`name`,`code`) VALUES (829,25,'Pijao','63548');
INSERT IGNORE INTO `municipality` (`id_municipality`,`department_id`,`name`,`code`) VALUES (830,25,'Quimbaya','63594');
INSERT IGNORE INTO `municipality` (`id_municipality`,`department_id`,`name`,`code`) VALUES (831,25,'Salento','63690');
INSERT IGNORE INTO `municipality` (`id_municipality`,`department_id`,`name`,`code`) VALUES (832,26,'Pereira','66001');
INSERT IGNORE INTO `municipality` (`id_municipality`,`department_id`,`name`,`code`) VALUES (833,26,'Apía','66045');
INSERT IGNORE INTO `municipality` (`id_municipality`,`department_id`,`name`,`code`) VALUES (834,26,'Balboa','66075');
INSERT IGNORE INTO `municipality` (`id_municipality`,`department_id`,`name`,`code`) VALUES (835,26,'Belén De Umbría','66088');
INSERT IGNORE INTO `municipality` (`id_municipality`,`department_id`,`name`,`code`) VALUES (836,26,'Dosquebradas','66170');
INSERT IGNORE INTO `municipality` (`id_municipality`,`department_id`,`name`,`code`) VALUES (837,26,'Guática','66318');
INSERT IGNORE INTO `municipality` (`id_municipality`,`department_id`,`name`,`code`) VALUES (838,26,'La Celia ','66383');
INSERT IGNORE INTO `municipality` (`id_municipality`,`department_id`,`name`,`code`) VALUES (839,26,'La Virginia ','66400');
INSERT IGNORE INTO `municipality` (`id_municipality`,`department_id`,`name`,`code`) VALUES (840,26,'Marsella','66440');
INSERT IGNORE INTO `municipality` (`id_municipality`,`department_id`,`name`,`code`) VALUES (841,26,'Mistrató','66456');
INSERT IGNORE INTO `municipality` (`id_municipality`,`department_id`,`name`,`code`) VALUES (842,26,'Pueblo Rico ','66572');
INSERT IGNORE INTO `municipality` (`id_municipality`,`department_id`,`name`,`code`) VALUES (843,26,'Quinchía','66594');
INSERT IGNORE INTO `municipality` (`id_municipality`,`department_id`,`name`,`code`) VALUES (844,26,'Santa Rosa De Cabal','66682');
INSERT IGNORE INTO `municipality` (`id_municipality`,`department_id`,`name`,`code`) VALUES (845,26,'Santuario','66687');
INSERT IGNORE INTO `municipality` (`id_municipality`,`department_id`,`name`,`code`) VALUES (846,28,'Bucaramanga','68001');
INSERT IGNORE INTO `municipality` (`id_municipality`,`department_id`,`name`,`code`) VALUES (847,28,'Aguada','68013');
INSERT IGNORE INTO `municipality` (`id_municipality`,`department_id`,`name`,`code`) VALUES (848,28,'Albania','68020');
INSERT IGNORE INTO `municipality` (`id_municipality`,`department_id`,`name`,`code`) VALUES (849,28,'Aratoca','68051');
INSERT IGNORE INTO `municipality` (`id_municipality`,`department_id`,`name`,`code`) VALUES (850,28,'Barbosa','68077');
INSERT IGNORE INTO `municipality` (`id_municipality`,`department_id`,`name`,`code`) VALUES (851,28,'Barichara','68079');
INSERT IGNORE INTO `municipality` (`id_municipality`,`department_id`,`name`,`code`) VALUES (852,28,'Barrancabermeja','68081');
INSERT IGNORE INTO `municipality` (`id_municipality`,`department_id`,`name`,`code`) VALUES (853,28,'Betulia','68092');
INSERT IGNORE INTO `municipality` (`id_municipality`,`department_id`,`name`,`code`) VALUES (854,28,'Bolívar','68101');
INSERT IGNORE INTO `municipality` (`id_municipality`,`department_id`,`name`,`code`) VALUES (855,28,'Cabrera','68121');
INSERT IGNORE INTO `municipality` (`id_municipality`,`department_id`,`name`,`code`) VALUES (856,28,'California','68132');
INSERT IGNORE INTO `municipality` (`id_municipality`,`department_id`,`name`,`code`) VALUES (857,28,'Capitanejo','68147');
INSERT IGNORE INTO `municipality` (`id_municipality`,`department_id`,`name`,`code`) VALUES (858,28,'Carcasí','68152');
INSERT IGNORE INTO `municipality` (`id_municipality`,`department_id`,`name`,`code`) VALUES (859,28,'Cepitá','68160');
INSERT IGNORE INTO `municipality` (`id_municipality`,`department_id`,`name`,`code`) VALUES (860,28,'Cerrito','68162');
INSERT IGNORE INTO `municipality` (`id_municipality`,`department_id`,`name`,`code`) VALUES (861,28,'Charalá','68167');
INSERT IGNORE INTO `municipality` (`id_municipality`,`department_id`,`name`,`code`) VALUES (862,28,'Charta','68169');
INSERT IGNORE INTO `municipality` (`id_municipality`,`department_id`,`name`,`code`) VALUES (863,28,'Chima','68176');
INSERT IGNORE INTO `municipality` (`id_municipality`,`department_id`,`name`,`code`) VALUES (864,28,'Chipatá','68179');
INSERT IGNORE INTO `municipality` (`id_municipality`,`department_id`,`name`,`code`) VALUES (865,28,'Cimitarra','68190');
INSERT IGNORE INTO `municipality` (`id_municipality`,`department_id`,`name`,`code`) VALUES (866,28,'Concepción','68207');
INSERT IGNORE INTO `municipality` (`id_municipality`,`department_id`,`name`,`code`) VALUES (867,28,'Confines','68209');
INSERT IGNORE INTO `municipality` (`id_municipality`,`department_id`,`name`,`code`) VALUES (868,28,'Contratación','68211');
INSERT IGNORE INTO `municipality` (`id_municipality`,`department_id`,`name`,`code`) VALUES (869,28,'Coromoro','68217');
INSERT IGNORE INTO `municipality` (`id_municipality`,`department_id`,`name`,`code`) VALUES (870,28,'Curití','68229');
INSERT IGNORE INTO `municipality` (`id_municipality`,`department_id`,`name`,`code`) VALUES (871,28,'El Carmen De Chucurí','68235');
INSERT IGNORE INTO `municipality` (`id_municipality`,`department_id`,`name`,`code`) VALUES (872,28,'El Guacamayo ','68245');
INSERT IGNORE INTO `municipality` (`id_municipality`,`department_id`,`name`,`code`) VALUES (873,28,'El Peñón ','68250');
INSERT IGNORE INTO `municipality` (`id_municipality`,`department_id`,`name`,`code`) VALUES (874,28,'El Playón ','68255');
INSERT IGNORE INTO `municipality` (`id_municipality`,`department_id`,`name`,`code`) VALUES (875,28,'Encino','68264');
INSERT IGNORE INTO `municipality` (`id_municipality`,`department_id`,`name`,`code`) VALUES (876,28,'Enciso','68266');
INSERT IGNORE INTO `municipality` (`id_municipality`,`department_id`,`name`,`code`) VALUES (877,28,'Florián','68271');
INSERT IGNORE INTO `municipality` (`id_municipality`,`department_id`,`name`,`code`) VALUES (878,28,'Floridablanca','68276');
INSERT IGNORE INTO `municipality` (`id_municipality`,`department_id`,`name`,`code`) VALUES (879,28,'Galán','68296');
INSERT IGNORE INTO `municipality` (`id_municipality`,`department_id`,`name`,`code`) VALUES (880,28,'Gámbita','68298');
INSERT IGNORE INTO `municipality` (`id_municipality`,`department_id`,`name`,`code`) VALUES (881,28,'Girón','68307');
INSERT IGNORE INTO `municipality` (`id_municipality`,`department_id`,`name`,`code`) VALUES (882,28,'Guaca','68318');
INSERT IGNORE INTO `municipality` (`id_municipality`,`department_id`,`name`,`code`) VALUES (883,28,'Guadalupe','68320');
INSERT IGNORE INTO `municipality` (`id_municipality`,`department_id`,`name`,`code`) VALUES (884,28,'Guapotá','68322');
INSERT IGNORE INTO `municipality` (`id_municipality`,`department_id`,`name`,`code`) VALUES (885,28,'Guavatá','68324');
INSERT IGNORE INTO `municipality` (`id_municipality`,`department_id`,`name`,`code`) VALUES (886,28,'Güepsa','68327');
INSERT IGNORE INTO `municipality` (`id_municipality`,`department_id`,`name`,`code`) VALUES (887,28,'Hato','68344');
INSERT IGNORE INTO `municipality` (`id_municipality`,`department_id`,`name`,`code`) VALUES (888,28,'Jesús María ','68368');
INSERT IGNORE INTO `municipality` (`id_municipality`,`department_id`,`name`,`code`) VALUES (889,28,'Jordán','68370');
INSERT IGNORE INTO `municipality` (`id_municipality`,`department_id`,`name`,`code`) VALUES (890,28,'La Belleza ','68377');
INSERT IGNORE INTO `municipality` (`id_municipality`,`department_id`,`name`,`code`) VALUES (891,28,'Landázuri','68385');
INSERT IGNORE INTO `municipality` (`id_municipality`,`department_id`,`name`,`code`) VALUES (892,28,'La Paz ','68397');
INSERT IGNORE INTO `municipality` (`id_municipality`,`department_id`,`name`,`code`) VALUES (893,28,'Lebrija','68406');
INSERT IGNORE INTO `municipality` (`id_municipality`,`department_id`,`name`,`code`) VALUES (894,28,'Los Santos ','68418');
INSERT IGNORE INTO `municipality` (`id_municipality`,`department_id`,`name`,`code`) VALUES (895,28,'Macaravita','68425');
INSERT IGNORE INTO `municipality` (`id_municipality`,`department_id`,`name`,`code`) VALUES (896,28,'Málaga','68432');
INSERT IGNORE INTO `municipality` (`id_municipality`,`department_id`,`name`,`code`) VALUES (897,28,'Matanza','68444');
INSERT IGNORE INTO `municipality` (`id_municipality`,`department_id`,`name`,`code`) VALUES (898,28,'Mogotes','68464');
INSERT IGNORE INTO `municipality` (`id_municipality`,`department_id`,`name`,`code`) VALUES (899,28,'Molagavita','68468');
INSERT IGNORE INTO `municipality` (`id_municipality`,`department_id`,`name`,`code`) VALUES (900,28,'Ocamonte','68498');
INSERT IGNORE INTO `municipality` (`id_municipality`,`department_id`,`name`,`code`) VALUES (901,28,'Oiba','68500');
INSERT IGNORE INTO `municipality` (`id_municipality`,`department_id`,`name`,`code`) VALUES (902,28,'Onzaga','68502');
INSERT IGNORE INTO `municipality` (`id_municipality`,`department_id`,`name`,`code`) VALUES (903,28,'Palmar','68522');
INSERT IGNORE INTO `municipality` (`id_municipality`,`department_id`,`name`,`code`) VALUES (904,28,'Palmas Del Socorro','68524');
INSERT IGNORE INTO `municipality` (`id_municipality`,`department_id`,`name`,`code`) VALUES (905,28,'Páramo','68533');
INSERT IGNORE INTO `municipality` (`id_municipality`,`department_id`,`name`,`code`) VALUES (906,28,'Piedecuesta','68547');
INSERT IGNORE INTO `municipality` (`id_municipality`,`department_id`,`name`,`code`) VALUES (907,28,'Pinchote','68549');
INSERT IGNORE INTO `municipality` (`id_municipality`,`department_id`,`name`,`code`) VALUES (908,28,'Puente Nacional ','68572');
INSERT IGNORE INTO `municipality` (`id_municipality`,`department_id`,`name`,`code`) VALUES (909,28,'Puerto Parra ','68573');
INSERT IGNORE INTO `municipality` (`id_municipality`,`department_id`,`name`,`code`) VALUES (910,28,'Puerto Wilches ','68575');
INSERT IGNORE INTO `municipality` (`id_municipality`,`department_id`,`name`,`code`) VALUES (911,28,'Rionegro','68615');
INSERT IGNORE INTO `municipality` (`id_municipality`,`department_id`,`name`,`code`) VALUES (912,28,'Sabana De Torres','68655');
INSERT IGNORE INTO `municipality` (`id_municipality`,`department_id`,`name`,`code`) VALUES (913,28,'San Andrés ','68669');
INSERT IGNORE INTO `municipality` (`id_municipality`,`department_id`,`name`,`code`) VALUES (914,28,'San Benito ','68673');
INSERT IGNORE INTO `municipality` (`id_municipality`,`department_id`,`name`,`code`) VALUES (915,28,'San Gil ','68679');
INSERT IGNORE INTO `municipality` (`id_municipality`,`department_id`,`name`,`code`) VALUES (916,28,'San Joaquín ','68682');
INSERT IGNORE INTO `municipality` (`id_municipality`,`department_id`,`name`,`code`) VALUES (917,28,'San José De Miranda','68684');
INSERT IGNORE INTO `municipality` (`id_municipality`,`department_id`,`name`,`code`) VALUES (918,28,'San Miguel ','68686');
INSERT IGNORE INTO `municipality` (`id_municipality`,`department_id`,`name`,`code`) VALUES (919,28,'San Vicente De Chucurí','68689');
INSERT IGNORE INTO `municipality` (`id_municipality`,`department_id`,`name`,`code`) VALUES (920,28,'Santa Bárbara ','68705');
INSERT IGNORE INTO `municipality` (`id_municipality`,`department_id`,`name`,`code`) VALUES (921,28,'Santa Helena Del Opón','68720');
INSERT IGNORE INTO `municipality` (`id_municipality`,`department_id`,`name`,`code`) VALUES (922,28,'Simacota','68745');
INSERT IGNORE INTO `municipality` (`id_municipality`,`department_id`,`name`,`code`) VALUES (923,28,'Socorro','68755');
INSERT IGNORE INTO `municipality` (`id_municipality`,`department_id`,`name`,`code`) VALUES (924,28,'Suaita','68770');
INSERT IGNORE INTO `municipality` (`id_municipality`,`department_id`,`name`,`code`) VALUES (925,28,'Sucre','68773');
INSERT IGNORE INTO `municipality` (`id_municipality`,`department_id`,`name`,`code`) VALUES (926,28,'Suratá','68780');
INSERT IGNORE INTO `municipality` (`id_municipality`,`department_id`,`name`,`code`) VALUES (927,28,'Tona','68820');
INSERT IGNORE INTO `municipality` (`id_municipality`,`department_id`,`name`,`code`) VALUES (928,28,'Valle De San José','68855');
INSERT IGNORE INTO `municipality` (`id_municipality`,`department_id`,`name`,`code`) VALUES (929,28,'Vélez','68861');
INSERT IGNORE INTO `municipality` (`id_municipality`,`department_id`,`name`,`code`) VALUES (930,28,'Vetas','68867');
INSERT IGNORE INTO `municipality` (`id_municipality`,`department_id`,`name`,`code`) VALUES (931,28,'Villanueva','68872');
INSERT IGNORE INTO `municipality` (`id_municipality`,`department_id`,`name`,`code`) VALUES (932,28,'Zapatoca','68895');
INSERT IGNORE INTO `municipality` (`id_municipality`,`department_id`,`name`,`code`) VALUES (933,29,'Sincelejo','70001');
INSERT IGNORE INTO `municipality` (`id_municipality`,`department_id`,`name`,`code`) VALUES (934,29,'Buenavista','70110');
INSERT IGNORE INTO `municipality` (`id_municipality`,`department_id`,`name`,`code`) VALUES (935,29,'Caimito','70124');
INSERT IGNORE INTO `municipality` (`id_municipality`,`department_id`,`name`,`code`) VALUES (936,29,'Colosó','70204');
INSERT IGNORE INTO `municipality` (`id_municipality`,`department_id`,`name`,`code`) VALUES (937,29,'Corozal','70215');
INSERT IGNORE INTO `municipality` (`id_municipality`,`department_id`,`name`,`code`) VALUES (938,29,'Coveñas','70221');
INSERT IGNORE INTO `municipality` (`id_municipality`,`department_id`,`name`,`code`) VALUES (939,29,'Chalán','70230');
INSERT IGNORE INTO `municipality` (`id_municipality`,`department_id`,`name`,`code`) VALUES (940,29,'El Roble ','70233');
INSERT IGNORE INTO `municipality` (`id_municipality`,`department_id`,`name`,`code`) VALUES (941,29,'Galeras','70235');
INSERT IGNORE INTO `municipality` (`id_municipality`,`department_id`,`name`,`code`) VALUES (942,29,'Guaranda','70265');
INSERT IGNORE INTO `municipality` (`id_municipality`,`department_id`,`name`,`code`) VALUES (943,29,'La Unión ','70400');
INSERT IGNORE INTO `municipality` (`id_municipality`,`department_id`,`name`,`code`) VALUES (944,29,'Los Palmitos ','70418');
INSERT IGNORE INTO `municipality` (`id_municipality`,`department_id`,`name`,`code`) VALUES (945,29,'Majagual','70429');
INSERT IGNORE INTO `municipality` (`id_municipality`,`department_id`,`name`,`code`) VALUES (946,29,'Morroa','70473');
INSERT IGNORE INTO `municipality` (`id_municipality`,`department_id`,`name`,`code`) VALUES (947,29,'Ovejas','70508');
INSERT IGNORE INTO `municipality` (`id_municipality`,`department_id`,`name`,`code`) VALUES (948,29,'Palmito','70523');
INSERT IGNORE INTO `municipality` (`id_municipality`,`department_id`,`name`,`code`) VALUES (949,29,'Sampués','70670');
INSERT IGNORE INTO `municipality` (`id_municipality`,`department_id`,`name`,`code`) VALUES (950,29,'San Benito Abad','70678');
INSERT IGNORE INTO `municipality` (`id_municipality`,`department_id`,`name`,`code`) VALUES (951,29,'San Juan De Betulia','70702');
INSERT IGNORE INTO `municipality` (`id_municipality`,`department_id`,`name`,`code`) VALUES (952,29,'San Marcos ','70708');
INSERT IGNORE INTO `municipality` (`id_municipality`,`department_id`,`name`,`code`) VALUES (953,29,'San Onofre ','70713');
INSERT IGNORE INTO `municipality` (`id_municipality`,`department_id`,`name`,`code`) VALUES (954,29,'San Pedro ','70717');
INSERT IGNORE INTO `municipality` (`id_municipality`,`department_id`,`name`,`code`) VALUES (955,29,'San Luis De Sincé','70742');
INSERT IGNORE INTO `municipality` (`id_municipality`,`department_id`,`name`,`code`) VALUES (956,29,'Sucre','70771');
INSERT IGNORE INTO `municipality` (`id_municipality`,`department_id`,`name`,`code`) VALUES (957,29,'Santiago De Tolú','70820');
INSERT IGNORE INTO `municipality` (`id_municipality`,`department_id`,`name`,`code`) VALUES (958,29,'Tolú Viejo ','70823');
INSERT IGNORE INTO `municipality` (`id_municipality`,`department_id`,`name`,`code`) VALUES (959,30,'Ibagué','73001');
INSERT IGNORE INTO `municipality` (`id_municipality`,`department_id`,`name`,`code`) VALUES (960,30,'Alpujarra','73024');
INSERT IGNORE INTO `municipality` (`id_municipality`,`department_id`,`name`,`code`) VALUES (961,30,'Alvarado','73026');
INSERT IGNORE INTO `municipality` (`id_municipality`,`department_id`,`name`,`code`) VALUES (962,30,'Ambalema','73030');
INSERT IGNORE INTO `municipality` (`id_municipality`,`department_id`,`name`,`code`) VALUES (963,30,'Anzoátegui','73043');
INSERT IGNORE INTO `municipality` (`id_municipality`,`department_id`,`name`,`code`) VALUES (964,30,'Armero','73055');
INSERT IGNORE INTO `municipality` (`id_municipality`,`department_id`,`name`,`code`) VALUES (965,30,'Ataco','73067');
INSERT IGNORE INTO `municipality` (`id_municipality`,`department_id`,`name`,`code`) VALUES (966,30,'Cajamarca','73124');
INSERT IGNORE INTO `municipality` (`id_municipality`,`department_id`,`name`,`code`) VALUES (967,30,'Carmen De Apicalá','73148');
INSERT IGNORE INTO `municipality` (`id_municipality`,`department_id`,`name`,`code`) VALUES (968,30,'Casabianca','73152');
INSERT IGNORE INTO `municipality` (`id_municipality`,`department_id`,`name`,`code`) VALUES (969,30,'Chaparral','73168');
INSERT IGNORE INTO `municipality` (`id_municipality`,`department_id`,`name`,`code`) VALUES (970,30,'Coello','73200');
INSERT IGNORE INTO `municipality` (`id_municipality`,`department_id`,`name`,`code`) VALUES (971,30,'Coyaima','73217');
INSERT IGNORE INTO `municipality` (`id_municipality`,`department_id`,`name`,`code`) VALUES (972,30,'Cunday','73226');
INSERT IGNORE INTO `municipality` (`id_municipality`,`department_id`,`name`,`code`) VALUES (973,30,'Dolores','73236');
INSERT IGNORE INTO `municipality` (`id_municipality`,`department_id`,`name`,`code`) VALUES (974,30,'Espinal','73268');
INSERT IGNORE INTO `municipality` (`id_municipality`,`department_id`,`name`,`code`) VALUES (975,30,'Falan','73270');
INSERT IGNORE INTO `municipality` (`id_municipality`,`department_id`,`name`,`code`) VALUES (976,30,'Flandes','73275');
INSERT IGNORE INTO `municipality` (`id_municipality`,`department_id`,`name`,`code`) VALUES (977,30,'Fresno','73283');
INSERT IGNORE INTO `municipality` (`id_municipality`,`department_id`,`name`,`code`) VALUES (978,30,'Guamo','73319');
INSERT IGNORE INTO `municipality` (`id_municipality`,`department_id`,`name`,`code`) VALUES (979,30,'Herveo','73347');
INSERT IGNORE INTO `municipality` (`id_municipality`,`department_id`,`name`,`code`) VALUES (980,30,'Honda','73349');
INSERT IGNORE INTO `municipality` (`id_municipality`,`department_id`,`name`,`code`) VALUES (981,30,'Icononzo','73352');
INSERT IGNORE INTO `municipality` (`id_municipality`,`department_id`,`name`,`code`) VALUES (982,30,'Lérida','73408');
INSERT IGNORE INTO `municipality` (`id_municipality`,`department_id`,`name`,`code`) VALUES (983,30,'Líbano','73411');
INSERT IGNORE INTO `municipality` (`id_municipality`,`department_id`,`name`,`code`) VALUES (984,30,'San Sebastián De Mariquita','73443');
INSERT IGNORE INTO `municipality` (`id_municipality`,`department_id`,`name`,`code`) VALUES (985,30,'Melgar','73449');
INSERT IGNORE INTO `municipality` (`id_municipality`,`department_id`,`name`,`code`) VALUES (986,30,'Murillo','73461');
INSERT IGNORE INTO `municipality` (`id_municipality`,`department_id`,`name`,`code`) VALUES (987,30,'Natagaima','73483');
INSERT IGNORE INTO `municipality` (`id_municipality`,`department_id`,`name`,`code`) VALUES (988,30,'Ortega','73504');
INSERT IGNORE INTO `municipality` (`id_municipality`,`department_id`,`name`,`code`) VALUES (989,30,'Palocabildo','73520');
INSERT IGNORE INTO `municipality` (`id_municipality`,`department_id`,`name`,`code`) VALUES (990,30,'Piedras','73547');
INSERT IGNORE INTO `municipality` (`id_municipality`,`department_id`,`name`,`code`) VALUES (991,30,'Planadas','73555');
INSERT IGNORE INTO `municipality` (`id_municipality`,`department_id`,`name`,`code`) VALUES (992,30,'Prado','73563');
INSERT IGNORE INTO `municipality` (`id_municipality`,`department_id`,`name`,`code`) VALUES (993,30,'Purificación','73585');
INSERT IGNORE INTO `municipality` (`id_municipality`,`department_id`,`name`,`code`) VALUES (994,30,'Rioblanco','73616');
INSERT IGNORE INTO `municipality` (`id_municipality`,`department_id`,`name`,`code`) VALUES (995,30,'Roncesvalles','73622');
INSERT IGNORE INTO `municipality` (`id_municipality`,`department_id`,`name`,`code`) VALUES (996,30,'Rovira','73624');
INSERT IGNORE INTO `municipality` (`id_municipality`,`department_id`,`name`,`code`) VALUES (997,30,'Saldaña','73671');
INSERT IGNORE INTO `municipality` (`id_municipality`,`department_id`,`name`,`code`) VALUES (998,30,'San Antonio ','73675');
INSERT IGNORE INTO `municipality` (`id_municipality`,`department_id`,`name`,`code`) VALUES (999,30,'San Luis ','73678');
INSERT IGNORE INTO `municipality` (`id_municipality`,`department_id`,`name`,`code`) VALUES (1000,30,'Santa Isabel ','73686');
INSERT IGNORE INTO `municipality` (`id_municipality`,`department_id`,`name`,`code`) VALUES (1001,30,'Suárez','73770');
INSERT IGNORE INTO `municipality` (`id_municipality`,`department_id`,`name`,`code`) VALUES (1002,30,'Valle De San Juan','73854');
INSERT IGNORE INTO `municipality` (`id_municipality`,`department_id`,`name`,`code`) VALUES (1003,30,'Venadillo','73861');
INSERT IGNORE INTO `municipality` (`id_municipality`,`department_id`,`name`,`code`) VALUES (1004,30,'Villahermosa','73870');
INSERT IGNORE INTO `municipality` (`id_municipality`,`department_id`,`name`,`code`) VALUES (1005,30,'Villarrica','73873');
INSERT IGNORE INTO `municipality` (`id_municipality`,`department_id`,`name`,`code`) VALUES (1006,31,'Cali','76001');
INSERT IGNORE INTO `municipality` (`id_municipality`,`department_id`,`name`,`code`) VALUES (1007,31,'Alcalá','76020');
INSERT IGNORE INTO `municipality` (`id_municipality`,`department_id`,`name`,`code`) VALUES (1008,31,'Andalucía','76036');
INSERT IGNORE INTO `municipality` (`id_municipality`,`department_id`,`name`,`code`) VALUES (1009,31,'Ansermanuevo','76041');
INSERT IGNORE INTO `municipality` (`id_municipality`,`department_id`,`name`,`code`) VALUES (1010,31,'Argelia','76054');
INSERT IGNORE INTO `municipality` (`id_municipality`,`department_id`,`name`,`code`) VALUES (1011,31,'Bolívar','76100');
INSERT IGNORE INTO `municipality` (`id_municipality`,`department_id`,`name`,`code`) VALUES (1012,31,'Buenaventura','76109');
INSERT IGNORE INTO `municipality` (`id_municipality`,`department_id`,`name`,`code`) VALUES (1013,31,'Guadalajara De Buga','76111');
INSERT IGNORE INTO `municipality` (`id_municipality`,`department_id`,`name`,`code`) VALUES (1014,31,'Bugalagrande','76113');
INSERT IGNORE INTO `municipality` (`id_municipality`,`department_id`,`name`,`code`) VALUES (1015,31,'Caicedonia','76122');
INSERT IGNORE INTO `municipality` (`id_municipality`,`department_id`,`name`,`code`) VALUES (1016,31,'Calima','76126');
INSERT IGNORE INTO `municipality` (`id_municipality`,`department_id`,`name`,`code`) VALUES (1017,31,'Candelaria','76130');
INSERT IGNORE INTO `municipality` (`id_municipality`,`department_id`,`name`,`code`) VALUES (1018,31,'Cartago','76147');
INSERT IGNORE INTO `municipality` (`id_municipality`,`department_id`,`name`,`code`) VALUES (1019,31,'Dagua','76233');
INSERT IGNORE INTO `municipality` (`id_municipality`,`department_id`,`name`,`code`) VALUES (1020,31,'El Águila ','76243');
INSERT IGNORE INTO `municipality` (`id_municipality`,`department_id`,`name`,`code`) VALUES (1021,31,'El Cairo ','76246');
INSERT IGNORE INTO `municipality` (`id_municipality`,`department_id`,`name`,`code`) VALUES (1022,31,'El Cerrito ','76248');
INSERT IGNORE INTO `municipality` (`id_municipality`,`department_id`,`name`,`code`) VALUES (1023,31,'El Dovio ','76250');
INSERT IGNORE INTO `municipality` (`id_municipality`,`department_id`,`name`,`code`) VALUES (1024,31,'Florida','76275');
INSERT IGNORE INTO `municipality` (`id_municipality`,`department_id`,`name`,`code`) VALUES (1025,31,'Ginebra','76306');
INSERT IGNORE INTO `municipality` (`id_municipality`,`department_id`,`name`,`code`) VALUES (1026,31,'Guacarí','76318');
INSERT IGNORE INTO `municipality` (`id_municipality`,`department_id`,`name`,`code`) VALUES (1027,31,'Jamundí','76364');
INSERT IGNORE INTO `municipality` (`id_municipality`,`department_id`,`name`,`code`) VALUES (1028,31,'La Cumbre ','76377');
INSERT IGNORE INTO `municipality` (`id_municipality`,`department_id`,`name`,`code`) VALUES (1029,31,'La Unión ','76400');
INSERT IGNORE INTO `municipality` (`id_municipality`,`department_id`,`name`,`code`) VALUES (1030,31,'La Victoria ','76403');
INSERT IGNORE INTO `municipality` (`id_municipality`,`department_id`,`name`,`code`) VALUES (1031,31,'Obando','76497');
INSERT IGNORE INTO `municipality` (`id_municipality`,`department_id`,`name`,`code`) VALUES (1032,31,'Palmira','76520');
INSERT IGNORE INTO `municipality` (`id_municipality`,`department_id`,`name`,`code`) VALUES (1033,31,'Pradera','76563');
INSERT IGNORE INTO `municipality` (`id_municipality`,`department_id`,`name`,`code`) VALUES (1034,31,'Restrepo','76606');
INSERT IGNORE INTO `municipality` (`id_municipality`,`department_id`,`name`,`code`) VALUES (1035,31,'Riofrío','76616');
INSERT IGNORE INTO `municipality` (`id_municipality`,`department_id`,`name`,`code`) VALUES (1036,31,'Roldanillo','76622');
INSERT IGNORE INTO `municipality` (`id_municipality`,`department_id`,`name`,`code`) VALUES (1037,31,'San Pedro ','76670');
INSERT IGNORE INTO `municipality` (`id_municipality`,`department_id`,`name`,`code`) VALUES (1038,31,'Sevilla','76736');
INSERT IGNORE INTO `municipality` (`id_municipality`,`department_id`,`name`,`code`) VALUES (1039,31,'Toro','76823');
INSERT IGNORE INTO `municipality` (`id_municipality`,`department_id`,`name`,`code`) VALUES (1040,31,'Trujillo','76828');
INSERT IGNORE INTO `municipality` (`id_municipality`,`department_id`,`name`,`code`) VALUES (1041,31,'Tuluá','76834');
INSERT IGNORE INTO `municipality` (`id_municipality`,`department_id`,`name`,`code`) VALUES (1042,31,'Ulloa','76845');
INSERT IGNORE INTO `municipality` (`id_municipality`,`department_id`,`name`,`code`) VALUES (1043,31,'Versalles','76863');
INSERT IGNORE INTO `municipality` (`id_municipality`,`department_id`,`name`,`code`) VALUES (1044,31,'Vijes','76869');
INSERT IGNORE INTO `municipality` (`id_municipality`,`department_id`,`name`,`code`) VALUES (1045,31,'Yotoco','76890');
INSERT IGNORE INTO `municipality` (`id_municipality`,`department_id`,`name`,`code`) VALUES (1046,31,'Yumbo','76892');
INSERT IGNORE INTO `municipality` (`id_municipality`,`department_id`,`name`,`code`) VALUES (1047,31,'Zarzal','76895');
INSERT IGNORE INTO `municipality` (`id_municipality`,`department_id`,`name`,`code`) VALUES (1048,3,'Arauca','81001');
INSERT IGNORE INTO `municipality` (`id_municipality`,`department_id`,`name`,`code`) VALUES (1049,3,'Arauquita','81065');
INSERT IGNORE INTO `municipality` (`id_municipality`,`department_id`,`name`,`code`) VALUES (1050,3,'Cravo Norte ','81220');
INSERT IGNORE INTO `municipality` (`id_municipality`,`department_id`,`name`,`code`) VALUES (1051,3,'Fortul','81300');
INSERT IGNORE INTO `municipality` (`id_municipality`,`department_id`,`name`,`code`) VALUES (1052,3,'Puerto Rondón ','81591');
INSERT IGNORE INTO `municipality` (`id_municipality`,`department_id`,`name`,`code`) VALUES (1053,3,'Saravena','81736');
INSERT IGNORE INTO `municipality` (`id_municipality`,`department_id`,`name`,`code`) VALUES (1054,3,'Tame','81794');
INSERT IGNORE INTO `municipality` (`id_municipality`,`department_id`,`name`,`code`) VALUES (1055,10,'Yopal','85001');
INSERT IGNORE INTO `municipality` (`id_municipality`,`department_id`,`name`,`code`) VALUES (1056,10,'Aguazul','85010');
INSERT IGNORE INTO `municipality` (`id_municipality`,`department_id`,`name`,`code`) VALUES (1057,10,'Chámeza','85015');
INSERT IGNORE INTO `municipality` (`id_municipality`,`department_id`,`name`,`code`) VALUES (1058,10,'Hato Corozal ','85125');
INSERT IGNORE INTO `municipality` (`id_municipality`,`department_id`,`name`,`code`) VALUES (1059,10,'La Salina ','85136');
INSERT IGNORE INTO `municipality` (`id_municipality`,`department_id`,`name`,`code`) VALUES (1060,10,'Maní','85139');
INSERT IGNORE INTO `municipality` (`id_municipality`,`department_id`,`name`,`code`) VALUES (1061,10,'Monterrey','85162');
INSERT IGNORE INTO `municipality` (`id_municipality`,`department_id`,`name`,`code`) VALUES (1062,10,'Nunchía','85225');
INSERT IGNORE INTO `municipality` (`id_municipality`,`department_id`,`name`,`code`) VALUES (1063,10,'Orocué','85230');
INSERT IGNORE INTO `municipality` (`id_municipality`,`department_id`,`name`,`code`) VALUES (1064,10,'Paz De Ariporo','85250');
INSERT IGNORE INTO `municipality` (`id_municipality`,`department_id`,`name`,`code`) VALUES (1065,10,'Pore','85263');
INSERT IGNORE INTO `municipality` (`id_municipality`,`department_id`,`name`,`code`) VALUES (1066,10,'Recetor','85279');
INSERT IGNORE INTO `municipality` (`id_municipality`,`department_id`,`name`,`code`) VALUES (1067,10,'Sabanalarga','85300');
INSERT IGNORE INTO `municipality` (`id_municipality`,`department_id`,`name`,`code`) VALUES (1068,10,'Sácama','85315');
INSERT IGNORE INTO `municipality` (`id_municipality`,`department_id`,`name`,`code`) VALUES (1069,10,'San Luis De Palenque','85325');
INSERT IGNORE INTO `municipality` (`id_municipality`,`department_id`,`name`,`code`) VALUES (1070,10,'Támara','85400');
INSERT IGNORE INTO `municipality` (`id_municipality`,`department_id`,`name`,`code`) VALUES (1071,10,'Tauramena','85410');
INSERT IGNORE INTO `municipality` (`id_municipality`,`department_id`,`name`,`code`) VALUES (1072,10,'Trinidad','85430');
INSERT IGNORE INTO `municipality` (`id_municipality`,`department_id`,`name`,`code`) VALUES (1073,10,'Villanueva','85440');
INSERT IGNORE INTO `municipality` (`id_municipality`,`department_id`,`name`,`code`) VALUES (1074,24,'Mocoa','86001');
INSERT IGNORE INTO `municipality` (`id_municipality`,`department_id`,`name`,`code`) VALUES (1075,24,'Colón','86219');
INSERT IGNORE INTO `municipality` (`id_municipality`,`department_id`,`name`,`code`) VALUES (1076,24,'Orito','86320');
INSERT IGNORE INTO `municipality` (`id_municipality`,`department_id`,`name`,`code`) VALUES (1077,24,'Puerto Asís ','86568');
INSERT IGNORE INTO `municipality` (`id_municipality`,`department_id`,`name`,`code`) VALUES (1078,24,'Puerto Caicedo ','86569');
INSERT IGNORE INTO `municipality` (`id_municipality`,`department_id`,`name`,`code`) VALUES (1079,24,'Puerto Guzmán ','86571');
INSERT IGNORE INTO `municipality` (`id_municipality`,`department_id`,`name`,`code`) VALUES (1080,24,'Puerto Leguízamo ','86573');
INSERT IGNORE INTO `municipality` (`id_municipality`,`department_id`,`name`,`code`) VALUES (1081,24,'Sibundoy','86749');
INSERT IGNORE INTO `municipality` (`id_municipality`,`department_id`,`name`,`code`) VALUES (1082,24,'San Francisco ','86755');
INSERT IGNORE INTO `municipality` (`id_municipality`,`department_id`,`name`,`code`) VALUES (1083,24,'San Miguel ','86757');
INSERT IGNORE INTO `municipality` (`id_municipality`,`department_id`,`name`,`code`) VALUES (1084,24,'Santiago','86760');
INSERT IGNORE INTO `municipality` (`id_municipality`,`department_id`,`name`,`code`) VALUES (1085,24,'Valle Del Guamuez','86865');
INSERT IGNORE INTO `municipality` (`id_municipality`,`department_id`,`name`,`code`) VALUES (1086,24,'Villagarzón','86885');
INSERT IGNORE INTO `municipality` (`id_municipality`,`department_id`,`name`,`code`) VALUES (1087,27,'San Andrés ','88001');
INSERT IGNORE INTO `municipality` (`id_municipality`,`department_id`,`name`,`code`) VALUES (1088,27,'Providencia','88564');
INSERT IGNORE INTO `municipality` (`id_municipality`,`department_id`,`name`,`code`) VALUES (1089,1,'Leticia','91001');
INSERT IGNORE INTO `municipality` (`id_municipality`,`department_id`,`name`,`code`) VALUES (1090,1,'El Encanto ','91263');
INSERT IGNORE INTO `municipality` (`id_municipality`,`department_id`,`name`,`code`) VALUES (1091,1,'La Chorrera ','91405');
INSERT IGNORE INTO `municipality` (`id_municipality`,`department_id`,`name`,`code`) VALUES (1092,1,'La Pedrera ','91407');
INSERT IGNORE INTO `municipality` (`id_municipality`,`department_id`,`name`,`code`) VALUES (1093,1,'La Victoria ','91430');
INSERT IGNORE INTO `municipality` (`id_municipality`,`department_id`,`name`,`code`) VALUES (1094,1,'Mirití - Paraná','91460');
INSERT IGNORE INTO `municipality` (`id_municipality`,`department_id`,`name`,`code`) VALUES (1095,1,'Puerto Alegría ','91530');
INSERT IGNORE INTO `municipality` (`id_municipality`,`department_id`,`name`,`code`) VALUES (1096,1,'Puerto Arica ','91536');
INSERT IGNORE INTO `municipality` (`id_municipality`,`department_id`,`name`,`code`) VALUES (1097,1,'Puerto Nariño ','91540');
INSERT IGNORE INTO `municipality` (`id_municipality`,`department_id`,`name`,`code`) VALUES (1098,1,'Puerto Santander ','91669');
INSERT IGNORE INTO `municipality` (`id_municipality`,`department_id`,`name`,`code`) VALUES (1099,1,'Tarapacá','91798');
INSERT IGNORE INTO `municipality` (`id_municipality`,`department_id`,`name`,`code`) VALUES (1100,16,'Inírida','94001');
INSERT IGNORE INTO `municipality` (`id_municipality`,`department_id`,`name`,`code`) VALUES (1101,16,'Barranco Minas ','94343');
INSERT IGNORE INTO `municipality` (`id_municipality`,`department_id`,`name`,`code`) VALUES (1102,16,'Mapiripana','94663');
INSERT IGNORE INTO `municipality` (`id_municipality`,`department_id`,`name`,`code`) VALUES (1103,16,'San Felipe ','94883');
INSERT IGNORE INTO `municipality` (`id_municipality`,`department_id`,`name`,`code`) VALUES (1104,16,'Puerto Colombia ','94884');
INSERT IGNORE INTO `municipality` (`id_municipality`,`department_id`,`name`,`code`) VALUES (1105,16,'La Guadalupe ','94885');
INSERT IGNORE INTO `municipality` (`id_municipality`,`department_id`,`name`,`code`) VALUES (1106,16,'Cacahual','94886');
INSERT IGNORE INTO `municipality` (`id_municipality`,`department_id`,`name`,`code`) VALUES (1107,16,'Pana Pana ','94887');
INSERT IGNORE INTO `municipality` (`id_municipality`,`department_id`,`name`,`code`) VALUES (1108,16,'Morichal','94888');
INSERT IGNORE INTO `municipality` (`id_municipality`,`department_id`,`name`,`code`) VALUES (1109,17,'San José Del Guaviare','95001');
INSERT IGNORE INTO `municipality` (`id_municipality`,`department_id`,`name`,`code`) VALUES (1110,17,'Calamar','95015');
INSERT IGNORE INTO `municipality` (`id_municipality`,`department_id`,`name`,`code`) VALUES (1111,17,'El Retorno ','95025');
INSERT IGNORE INTO `municipality` (`id_municipality`,`department_id`,`name`,`code`) VALUES (1112,17,'Miraflores','95200');
INSERT IGNORE INTO `municipality` (`id_municipality`,`department_id`,`name`,`code`) VALUES (1113,32,'Mitú','97001');
INSERT IGNORE INTO `municipality` (`id_municipality`,`department_id`,`name`,`code`) VALUES (1114,32,'Carurú','97161');
INSERT IGNORE INTO `municipality` (`id_municipality`,`department_id`,`name`,`code`) VALUES (1115,32,'Pacoa','97511');
INSERT IGNORE INTO `municipality` (`id_municipality`,`department_id`,`name`,`code`) VALUES (1116,32,'Taraira','97666');
INSERT IGNORE INTO `municipality` (`id_municipality`,`department_id`,`name`,`code`) VALUES (1117,32,'Papunahua','97777');
INSERT IGNORE INTO `municipality` (`id_municipality`,`department_id`,`name`,`code`) VALUES (1118,32,'Yavaraté','97889');
INSERT IGNORE INTO `municipality` (`id_municipality`,`department_id`,`name`,`code`) VALUES (1119,33,'Puerto Carreño ','99001');
INSERT IGNORE INTO `municipality` (`id_municipality`,`department_id`,`name`,`code`) VALUES (1120,33,'La Primavera ','99524');
INSERT IGNORE INTO `municipality` (`id_municipality`,`department_id`,`name`,`code`) VALUES (1121,33,'Santa Rosalía ','99624');
INSERT IGNORE INTO `municipality` (`id_municipality`,`department_id`,`name`,`code`) VALUES (1122,33,'Cumaribo','99773');
INSERT IGNORE INTO `municipality` (`id_municipality`,`department_id`,`name`,`code`) VALUES (1123,23,'Cúcuta','54001');

-- INSERCIONES EMPLEADOS
INSERT IGNORE INTO `employee` (`identification_number`, `identification_type_id`, `names`, `last_names`,`mail`, `password`, `role_id`, `branch_id`) VALUES ('1030548309', 3, 'Soporte', 'Interpos', 'soporte_interpos@gmail.com', '240424', 1, 1);

-- INSERCIONES PROVEEDORES
INSERT IGNORE INTO `supplier` (`names`, `branch_id`) VALUES('InterPOS', 1);

-- INSERCIONES CLIENTES
INSERT IGNORE INTO `customer` (`identification_number`, `names`, `last_names`, `identification_type_id`, `branch_id`) VALUES (222222222222, 'Consumidor', 'Final', 3, 1);

-- INSERCIONES CATEGORÍAS
INSERT IGNORE INTO `category` (`name`, `branch_id`) VALUES('Categoría Estándar', 1);

-- INSERCIONES PISOS
INSERT IGNORE INTO `floor`(`id_floor`, `name`, `branch_id`) VALUES(1, 'Piso 1', 1);

-- INSERCIONES TERMINALES
INSERT IGNORE INTO `terminal` (`id_terminal`, `code`, `name`, `floor_id`) VALUES(1, 'C-1', 'Caja 1', 1);

-- INSERCIONES CAJAS
INSERT IGNORE INTO `cash` (`id_cash`, `sequence`, `start_date`, `terminal_id`) VALUES (1, 1, '2025-03-14 18:00:00', 1);

-- INSERCIONES MESAS
INSERT IGNORE INTO `tabless`(`id_table`, `name`, `position_x`, `position_y`, `width`, `height`, `visible`, `floor_id`) VALUES (1, 'Mesa 1', 100, 70, 130, 110, 1, 1);
INSERT IGNORE INTO `tabless`(`id_table`, `name`, `position_x`, `position_y`, `width`, `height`, `visible`, `floor_id`) VALUES (2, 'Mesa 2', 250, 70, 130, 110, 1, 1);
INSERT IGNORE INTO `tabless`(`id_table`, `name`, `position_x`, `position_y`, `width`, `height`, `visible`, `floor_id`) VALUES (3, 'Mesa 3', 400, 70, 130, 110, 1, 1);
INSERT IGNORE INTO `tabless`(`id_table`, `name`, `position_x`, `position_y`, `width`, `height`, `visible`, `floor_id`) VALUES (4, 'Mesa 4', 550, 70, 130, 110, 1, 1);
INSERT IGNORE INTO `tabless`(`id_table`, `name`, `position_x`, `position_y`, `width`, `height`, `visible`, `floor_id`) VALUES (5, 'Mesa 5', 700, 70, 130, 110, 1, 1);
INSERT IGNORE INTO `tabless`(`id_table`, `name`, `position_x`, `position_y`, `width`, `height`, `visible`, `floor_id`) VALUES (6, 'Mesa 6', 850, 70, 130, 110, 1, 1);
INSERT IGNORE INTO `tabless`(`id_table`, `name`, `position_x`, `position_y`, `width`, `height`, `visible`, `floor_id`) VALUES (7, 'Mesa 7', 100, 190, 130, 110, 1, 1);
INSERT IGNORE INTO `tabless`(`id_table`, `name`, `position_x`, `position_y`, `width`, `height`, `visible`, `floor_id`) VALUES (8, 'Mesa 8', 250, 190, 130, 110, 1, 1);
INSERT IGNORE INTO `tabless`(`id_table`, `name`, `position_x`, `position_y`, `width`, `height`, `visible`, `floor_id`) VALUES (9, 'Mesa 9', 400, 190, 130, 110, 1, 1);
INSERT IGNORE INTO `tabless`(`id_table`, `name`, `position_x`, `position_y`, `width`, `height`, `visible`, `floor_id`) VALUES (10, 'Mesa 10', 550, 190, 130, 110, 1, 1);
INSERT IGNORE INTO `tabless`(`id_table`, `name`, `position_x`, `position_y`, `width`, `height`, `visible`, `floor_id`) VALUES (11, 'Mesa 11', 700, 190, 130, 110, 1, 1);
INSERT IGNORE INTO `tabless`(`id_table`, `name`, `position_x`, `position_y`, `width`, `height`, `visible`, `floor_id`) VALUES (12, 'Mesa 12', 850, 190, 130, 110, 1, 1);
INSERT IGNORE INTO `tabless`(`id_table`, `name`, `position_x`, `position_y`, `width`, `height`, `visible`, `floor_id`) VALUES (13, 'Mesa 13', 100, 310, 130, 110, 1, 1);
INSERT IGNORE INTO `tabless`(`id_table`, `name`, `position_x`, `position_y`, `width`, `height`, `visible`, `floor_id`) VALUES (14, 'Mesa 14', 250, 310, 130, 110, 1, 1);
INSERT IGNORE INTO `tabless`(`id_table`, `name`, `position_x`, `position_y`, `width`, `height`, `visible`, `floor_id`) VALUES (15, 'Mesa 15', 400, 310, 130, 110, 1, 1);
INSERT IGNORE INTO `tabless`(`id_table`, `name`, `position_x`, `position_y`, `width`, `height`, `visible`, `floor_id`) VALUES (16, 'Mesa 16', 550, 310, 130, 110, 1, 1);
INSERT IGNORE INTO `tabless`(`id_table`, `name`, `position_x`, `position_y`, `width`, `height`, `visible`, `floor_id`) VALUES (17, 'Mesa 17', 700, 310, 130, 110, 1, 1);
INSERT IGNORE INTO `tabless`(`id_table`, `name`, `position_x`, `position_y`, `width`, `height`, `visible`, `floor_id`) VALUES (18, 'Mesa 18', 850, 310, 130, 110, 1, 1);
INSERT IGNORE INTO `tabless`(`id_table`, `name`, `position_x`, `position_y`, `width`, `height`, `visible`, `floor_id`) VALUES (19, 'Mesa 19', 100, 430, 130, 110, 1, 1);
INSERT IGNORE INTO `tabless`(`id_table`, `name`, `position_x`, `position_y`, `width`, `height`, `visible`, `floor_id`) VALUES (20, 'Mesa 20', 250, 430, 130, 110, 1, 1);
INSERT IGNORE INTO `tabless`(`id_table`, `name`, `position_x`, `position_y`, `width`, `height`, `visible`, `floor_id`) VALUES (21, 'Mesa 21', 400, 430, 130, 110, 1, 1);
INSERT IGNORE INTO `tabless`(`id_table`, `name`, `position_x`, `position_y`, `width`, `height`, `visible`, `floor_id`) VALUES (22, 'Mesa 22', 550, 430, 130, 110, 1, 1);
INSERT IGNORE INTO `tabless`(`id_table`, `name`, `position_x`, `position_y`, `width`, `height`, `visible`, `floor_id`) VALUES (23, 'Mesa 23', 700, 430, 130, 110, 1, 1);
INSERT IGNORE INTO `tabless`(`id_table`, `name`, `position_x`, `position_y`, `width`, `height`, `visible`, `floor_id`) VALUES (24, 'Mesa 24', 850, 430, 130, 110, 1, 1);